:020000040800F2
:10000000D80A0024AD02000899440008F93100081C
:1000100091440008C1030008395C0008000000009A
:10002000000000000000000000000000B9580008B7
:10003000C903000800000000A1440008C1580008DE
:10004000C7020008C7020008C7020008C70200086C
:10005000C7020008C7020008C7020008C70200085C
:10006000C7020008C7020008C7020008C70200084C
:10007000C7020008C7020008C7020008C70200083C
:10008000C7020008C7020008C7020008C70200082C
:10009000C7020008C7020008C7020008C70200081C
:1000A000C7020008C7020008C7020008C70200080C
:1000B000C7020008C7020008C7020008C7020008FC
:1000C000C7020008C7020008C7020008C7020008EC
:1000D000C7020008C7020008C7020008C7020008DC
:1000E000C7020008C702000800000000C70200089D
:1000F000C7020008C7020008C7020008C7020008BC
:10010000C7020008C7020008C7020008C7020008AB
:10011000C7020008C7020008C7020008C70200089B
:10012000C7020008C7020008C7020008C70200088B
:10013000C7020008C7020008C7020008C70200087B
:1001400000000000000000000000000000000000AF
:10015000C7020008C7020008C7020008C70200085B
:10016000C7020008C7020008C7020008C70200084B
:10017000C7020008C7020008C7020008C70200083B
:10018000C7020008C7020008C7020008C70200082B
:10019000C7020008C7020008C7020008C70200081B
:1001A000C7020008C7020008C7020008C70200080B
:1001B000C7020008C7020008C7020008C7020008FB
:1001C000C7020008C7020008C7020008C7020008EB
:1001D000C7020008C7020008C7020008C7020008DB
:1001E000C7020008C7020008C7020008C7020008CB
:1001F000C7020008C7020008C7020008C7020008BB
:10020000C7020008C7020008C7020008C7020008AA
:10021000C7020008C7020008C7020008C70200089A
:10022000C7020008C7020008C7020008000000005B
:10023000C7020008C702000800000000C70200084B
:10024000C7020008C7020008C7020008C70200086A
:10025000C7020008C7020008C7020008C70200085A
:10026000C7020008C7020008C7020008C70200084A
:10027000C7020008C7020008C7020008000000000B
:10028000C7020008C7020008C702000800000000FB
:1002900000000000C7020008DFF80CD000F05CF896
:1002A00000480047F15D0008D80A0024064880474E
:1002B00006480047FEE7FEE7FEE7FEE7FEE7FEE74B
:1002C000FEE7FEE7FEE7FEE7615A00089902000834
:1002D000D2B201E000F8012B491EFBD27047002288
:1002E000F6E710B513460A4604461946FFF7F0FF35
:1002F000204610BD2DE9F05F0546002092469B4642
:1003000088460646814640241BE02846414647462B
:10031000224600F042F853465A46C01A914110D383
:1003200011461846224600F029F82D1A67EB0108FD
:100330004F4622460120002100F020F817EB00096B
:100340004E41201EA4F10104DFDC484631462A4616
:100350004346BDE8F09F0000064C074D06E0E0680C
:1003600040F0010394E8070098471034AC42F6D3FC
:10037000FFF796FF04D4000824D40008202A04DBE9
:10038000203A00FA02F1002070479140C2F12003A8
:1003900020FA03F3194390407047202A04DB203AE7
:1003A00021FA02F00021704721FA02F3D040C2F195
:1003B00020029140084319467047000000000000E9
:1003C000FEE7000000000000704700000000000091
:1003D00010B541F200040821C5F6020401222046AE
:1003E00000F022F940F2F31000F00EF8082100228C
:1003F000204600F019F940F2F310BDE8104000F07B
:1004000003B8000000000000B0B5044600F024F975
:1004100040F208010546C2F20041621C097818BF8B
:100420000C4400BF00F018F9401BA042FAD3B0BD45
:100430002DE9F04F85B00D680290002D00F0E680A8
:1004400002988E4600F126420A2102F1FF7342F221
:100450000042C5F60202002490424FEAB32208BFD0
:100460000921092A4FF0010738BF4FEAB3210026BE
:100470004FF000080091CDF80CE00DE0DEF80050E0
:1004800008F1010835FA07F006F1020607F1010745
:1004900004F1040400F0BA80A7F1010A012000FA77
:1004A0000AF315EA0309E9D0DEF804B00BF00305FE
:1004B0006A1E012A22D802984FEA4801D0F808C0E3
:1004C0000191032101FA06F203992CEA020CD1F8FA
:1004D0000CE00EFA06F1DDF80CE041EA0C01816057
:1004E00041686FEA020CCBF300129943034601986E
:1004F00002FA0AF2114359600CE000BF0320032DF9
:1005000000FA06F0029B6FEA000C304602D130463A
:10051000032526E0D968DEF8082001EA0C018240B4
:10052000022D41EA0201D9601BD102466FF003009F
:1005300000EA5A010F20194404F01C0300FA03F5E5
:100540001046D1F820E0039A2EEA0505DDF80CE00C
:1005500012699A40029B2A430A62DEF804B00BF04B
:100560000305196805FA00F001EA0C011BF4403F8D
:1005700040EA010018603FF481AF44F2F44140F2D8
:100580000845C5F60201C5F600050F23086840F0CE
:1005900002000860086800F0020004902AF00300DE
:1005A000049904F00C0142598B409A43009B03FAD2
:1005B00001F1114341514FF0B0452868DEF80410B5
:1005C00040EA0902CB0258BF20EA09028B022A60E6
:1005D00040F20405C5F60005286840EA090258BF44
:1005E00020EA09028B032A60D5F8800040EA09025C
:1005F00058BF20EA0902C903C5F88020E86F40EA25
:10060000090258BF20EA0902EA6737E705B0BDE8EA
:10061000F08F0000000000000069084018BF0120B2
:100620007047000000000000002A08BF0904816133
:10063000704700000000000041F20000C5F60040D5
:1006400000686FF31F30704741F20000C5F60040AC
:100650000068000C7047000040F2D460C2F2004015
:10066000006870470000000040F2080040F2D461CA
:10067000C2F20040C2F2004100780A6810440860EB
:10068000704700000000000080B5032000F0E8F88B
:1006900000F0EAFF44F2184146F22453C5F6020185
:1006A000C0F600030A68C2F30322096801F00F01D3
:1006B0009A5C595C02F01F02D04040F21402C2F270
:1006C000004201F01F0120FA01F1116040F2100117
:1006D000C2F200410860002000F00AF800281CBFA8
:1006E000012080BD00F07CF8002080BD00000000EB
:1006F00070B540F20806C2F200463178E1B1044616
:1007000040F21000C2F200404FF47A72B2FBF1F1F5
:100710000068B0FBF1F002F05FF90F2C4FF001051B
:1007200008D838B94FF0FF3000222146002500F0EC
:1007300067F87460284670BD012070BD000000009D
:10074000B0B502784EF69C5CCEF2000C43784CF8C3
:10075000043CF2B14368CCF80030037BC17A90F8D6
:100760000AE0457B447A42EA0372837B42EA0161F4
:10077000C27B41EACE41007A41EA854141EA4341E8
:1007800041EA024141EA042141EA4000CCF8040078
:10079000B0BD0020CCF80000CCF80400B0BD0000D3
:1007A0004EF62450CEF20000BFF35F8F016821F4B3
:1007B00080310160002101677047000000000000E7
:1007C0004EF6245140F00100CEF20001086708689F
:1007D00040F480300860BFF34F8FBFF36F8F7047D6
:1007E00081B044F2F440C5F60200016841F0020114
:1007F0000160006800F002000090009801B07047AE
:1008000070B54EF60C5C4FF0FF36CEF2000C00F1E6
:100810006045DCF80030C3F3022E8EF00703042B92
:1008200028BF0423BEF1030406FA03F321EA0301FF
:1008300000F00F0338BF0024043BB0F1FF3F6344D6
:1008400006FA04F003F10C0301FA04F1C8BF05F540
:10085000644322EA000008430001187070BD0000E4
:100860004EF60C514FF6FF03CEF200010A681A4013
:1008700060F30A2242F0806040F0FD70086070472B
:10088000B0B544F60C05C5F6020529684907296884
:1008900005D401F00701081A18BF0120B0BD21F0EE
:1008A000070108432860FFF7D7FE044655F8080CF7
:1008B000800407D4FFF7D0FE001BB0F57A7FF5D98E
:1008C0000120B0BD0020B0BD44F60000C5F6020016
:1008D000016841F480710160704700000000000071
:1008E0002DE9F0470446C07844F22C480007C5F6CD
:1008F000020830D5A06E4FEA305103290AD8DFE84C
:1009000001F0020E1A23D8F8001041F40031C8F8A3
:10091000001019E001266078C0070AD01FE004F13A
:100920000800022103F0C0FD064660B16078C007F0
:1009300015D1354645E004F12800022103F044FEBC
:1009400006460028F2D1A06ED8F8241021F44011F8
:100950000843C8F8240000266078C007E9D0A06DDD
:1009600004280DD83546DFE800F00311171D1D00DF
:10097000D8F80000354640F40030C8F8000011E017
:1009800001250127607880071FD450E004F108009A
:10099000002103F089FD04E004F12800002103F0A8
:1009A00013FE05462F461DB1607880070DD43EE04A
:1009B000D8F82400A16D20F0070000250843C8F8EE
:1009C000240037466078800731D5E06D4FEAB010DB
:1009D00004280BD8DFE800F00310161C1C00D8F820
:1009E000000040F40030C8F8000011E001250126A5
:1009F000607840071FD453E004F10800002103F0A1
:100A000053FD04E004F12800002103F0DDFD05465C
:100A10002E461DB1607840070DD441E0D8F824007F
:100A2000E16D20F4E07000250843C8F824003E463C
:100A30006078400734D5D4F8A8004FEA70500428F5
:100A40000BD8DFE800F00311171D1D00D8F80000D7
:100A500040F40030C8F8000012E001254FF0010911
:100A60006078000720D453E004F10800002103F06F
:100A70001BFD04E004F12800002103F0A5FD05465C
:100A8000A9461DB1607800070ED441E0D8F82C00CB
:100A9000D4F8A81020F4600000250843C8F82C0002
:100AA000B1466078000733D5D4F8AC004FEA306027
:100AB00004280BD8DFE800F00310161C1C00D8F83F
:100AC000000040F40030C8F8000011E001250127C3
:100AD000E078800720D44CE004F10800002103F006
:100AE000E3FC04E004F12800002103F06DFD05465D
:100AF0002F461DB1E07880070ED43AE0D8F82C00DC
:100B0000D4F8AC1020F0E06000250843C8F82C00B1
:100B10004F46E07880072CD5E06C4FEA3010032870
:100B20000CD8DFE800F008021108D8F8000040F403
:100B30000030C8F800002E4675B911E001250126E5
:100B40006078C00619D44AE004F10800022103F0DD
:100B5000ABFC05462E461DB16078C0060DD43EE0C4
:100B6000D8F82000E16C20F0300000250843C8F8D8
:100B700020003E466078C00631D5206E4FEA303006
:100B800004280BD8DFE800F00310161C1C00D8F86E
:100B9000000040F40030C8F8000011E001250127F2
:100BA000607880061FD44FE004F10800002103F0B4
:100BB0007BFC04E004F12800002103F005FD05465C
:100BC0002F461DB1607880060DD43DE0D8F8240092
:100BD000216E20F4E04000250843C8F82400374681
:100BE0006078800630D5606E4FEA3040052807D81F
:100BF000DFE800F0030C180303032E4675B91AE072
:100C0000012501266078400622D454E004F1080052
:100C1000012103F049FC05462E4665B16078400687
:100C200016D448E004F12800012103F0CDFC05466C
:100C3000002D2E46F2D1D8F82400616E20F4E02079
:100C400000250843C8F824003E466078400632D5A7
:100C5000D4F8B0004FEA3070052807D8DFE800F07C
:100C6000030C180303032F4675B91AE00125012769
:100C70006078000623D444E004F10800012103F069
:100C800013FC05462F4665B16078000617D438E09E
:100C900004F12800012103F097FC0546002D2F46A2
:100CA000F2D1D8F82C00D4F8B01020F0E0400025A4
:100CB0000843C8F82C0037466078000621D5206F1D
:100CC00058B1B0F1005F0BD0B0F1805F2DD1D8F8F2
:100CD000000040F40030C8F800002E4695B907E047
:100CE00004F10800012103F0DFFB05462E464DB953
:100CF000D8F82400216F20F0405000250843C8F8A0
:100D000024003E46E078C00731D0A06C032812D8FA
:100D1000DFE800F008021808D8F8000040F40030BE
:100D2000C8F80000A946ADB918E001250126E07811
:100D3000C007EAD11BE001254FF00109A078400669
:100D400019D51AE004F10800022103F0ADFB0546B5
:100D5000A9461DB1A07840060DD50EE0D8F82000B8
:100D6000A16C20F0030000250843C8F82000B1461C
:100D7000A078400601D44F4616E0D8F8D40340F4DA
:100D80008070C8F8D403FFF767FC0646D8F8D40390
:100D9000C00507D4FFF760FC801B6428F6D9032543
:100DA000032701E02F4685B12078C00761D0E06FAE
:100DB0004FEAF000052838D8DFE800F0033D49038A
:100DC0000303002D2E463ED14AE0D8F84410D4F853
:100DD000B400414011F4407F11D0D8F84410D8F845
:100DE000442042F48032C8F84420D8F8442021F44A
:100DF000407122F48032C8F84420C8F84410B0F59D
:100E0000807F40F0E482FFF727FC064641F2883AF3
:100E100003250327D8F84400800700F1D682FFF7A6
:100E20001BFC801B5045F5D9BEE701260125207823
:100E3000800722D450E004F10800012103F034FBC4
:100E400005462E4665B12078800716D444E004F1AB
:100E50002800012103F0B8FB0546002D2E46F2D1F3
:100E6000D8F82800E16F20F0380000250843C8F8C2
:100E700028003E46207880072ED5A06F052807D889
:100E8000DFE800F0030C180303032F4675B91AE0DE
:100E9000012701252078400722D452E004F1080000
:100EA000012103F001FB05462F4665B1207840077C
:100EB00016D446E004F12800012103F085FB054625
:100EC000002D2F46F2D1D8F82800A16F20F007009E
:100ED00000250843C8F8280037462078400730D559
:100EE000D4F89400052807D8DFE800F0030C1803B5
:100EF00003032E4675B91AE00126012520788006E5
:100F000023D455E004F10800012103F0CDFA054691
:100F10002E4665B12078800617D449E004F12800F8
:100F2000012103F051FB0546002D2E46F2D1D8F8E1
:100F30002C00D4F8941020F0070000250843C8F8CE
:100F40002C003E462078800632D5D4F890004FEA37
:100F50003070052807D8DFE800F0030C18030303FE
:100F60002F4675B91AE0012701252078400623D4C1
:100F700055E004F10800002103F096FA05462F46DB
:100F800065B12078400617D449E004F12800022119
:100F900003F01AFB0546002D2F46F2D1D8F82800A1
:100FA000D4F8901020F0E04000250843C8F828004D
:100FB00037462078400632D5D4F89C004FEAB0205E
:100FC000052807D8DFE800F0030C180303032E46BA
:100FD00075B91AE0012601252078000623D45AE0CD
:100FE00004F10800002103F05FFA05462E4665B1C2
:100FF0002078000617D44EE004F12800022103F007
:10100000E3FA0546002D2E46F2D1D8F82C00D4F88C
:101010009C1020F4E05000250843C8F82C003E4600
:101020002078000637D5D4F8A0004FEA70300528A4
:101030000ED8DFE800F003131D0303032F4605B3AA
:10104000206801072BD4C10642D4000359D479E0AB
:101050000127012520680107F5D520E004F10800EB
:10106000002103F021FA0546002D2F46E8D108E0C3
:1010700004F12800022103F0A7FA0546002D2F46AF
:10108000DED1D8F82C00D4F8A01020F46040002560
:101090000843C8F82C00374620680107D3D5D4F898
:1010A0008410B1F5805F0AD104F12800022103F019
:1010B0008BFA002818BF01272068D4F88410D8F8CC
:1010C000282022F440521143C8F82810C106BCD58C
:1010D000D4F89810B1F5807F0AD104F128000221DC
:1010E00003F072FA002818BF01272068D4F898107E
:1010F000D8F82C2022F440721143C8F82C100003B9
:1011000020D5D4F8A400B0F5003F0FD0B0F5803F53
:1011100006D078BB04F10800002103F0C5F904E013
:1011200004F12800022103F04FFA05462E4655B976
:10113000D8F82C00D4F8A41020F44030002508433F
:10114000C8F82C003E46A07840072BD5D4F888007C
:10115000B0F5401F0BD0B0F5001F11D0B0F5801FC7
:1011600029D1D8F8000040F40030C8F800002F461C
:10117000CDB90DE001260125A0784007E6D411E0A5
:1011800004F12800012103F01FFA05462F4655B946
:10119000D8F82800D4F8881020F44010002508431F
:1011A000C8F828003746A078C00709D13E46216814
:1011B000880015D530E001270125A078C007F5D0BB
:1011C000206DB0F5803F0FD008BBD8F8000040F488
:1011D0000030C8F800002E467DB1216888001BD47D
:1011E00060688A0324D468E004F10800022103F057
:1011F0005BF90546002D2E46EFD1D8F82000216D71
:1012000020F4803000250843C8F82000CEE70126EE
:10121000012521688800E3D504F12800022103F0AC
:10122000D3F9002818BF0126D4E900108A0344D559
:10123000D4F880206FF0010303EB3223022B0BD391
:101240004FEA322343B1012B40F0BA80D8F8003086
:1012500043F40033C8F8003045B3CA0230D4CA00A2
:1012600038D48A0241D44A0049D4B1F1FF3F56DD57
:1012700009025ED4C10767D1810770D441077AD4CF
:10128000010700F18480C10600F18D80800607D53A
:1012900004F12800022103F097F9002818BF012566
:1012A000002D18BF01252846BDE8F087D8F8283062
:1012B00023F440731A43C8F828203546CA02CED515
:1012C000D8F82420636F22F000421A43C8F8242083
:1012D000CA00C6D558F81C2CD4F8B83022F4804285
:1012E0001A4348F81C2C8A02BDD5D8F82420E36E96
:1012F00022F080721A43C8F824204A00B5D558F865
:101300001C2C22F4004248F81C2CD4F8BC2058F8BD
:101310001C3C1A4348F81C2CB1F1FF3FA8DCD8F85C
:101320002020636D22F040521A43C8F820200902A1
:10133000A0D5D8F82810D4F88C2021F4400111430E
:10134000C8F82810C10797D004F10800002103F065
:10135000ABF8002818BF0546606881078ED504F1F8
:101360000800012103F0A0F8002818BF05466068B6
:1013700041077FF585AF04F10800022103F094F8DE
:10138000002818BF0546606801077FF57CAF04F1AF
:101390002800002103F018F9002818BF05466068EE
:1013A000C1067FF573AF04F12800012103F00CF9A9
:1013B000002818BF0546606880067FF571AF67E7B3
:1013C0000125CA027FF54BAF7AE7D4F8B4004FF697
:1013D000CF7358F81C2CC0F2FF0300F4407122F4C4
:1013E0007C5203EA1013B1F5407F4FF0000508BFAF
:1013F0001A436FF31F3048F81C2CD8F844100843E8
:10140000C8F84400FFF7B7BC2DE9F04381B00028CD
:1014100000F0268142F200080446C5F20028894601
:10142000D8F8000000F00F0088420ED2D8F8000073
:1014300020F00F0040EA0900C8F80000D8F80000CA
:1014400000F00F00484540F00B81206844F2184737
:101450004107C5F602070AD521693A6802F0700211
:10146000914204D93A6822F07002114339600107B1
:101470000AD561697A6802F07002914204D97A68EB
:1014800022F0700211437960C1060AD5A1697A6819
:1014900002F4E062914204D97A6822F4E0621143D6
:1014A000796081060AD5E169BA6802F0700291425A
:1014B00004D9BA6822F070021143B96010F0020139
:1014C0000AD0E2683B6803F00F039A4204D93B68F4
:1014D00023F00F031A433A60C20743D0386820F460
:1014E0007061D4E90102032841EA0201396007D0A2
:1014F00002280BD157F8181C890340F1B18010E085
:1015000057F8181C890140F1AB800AE0012857F810
:10151000181C03D1C90540F1A38002E0490740F13E
:101520009F8057F8081C21F00701084347F8080C72
:10153000FFF792F8064641F2883500BF57F8080CCD
:10154000616800F03800B0EBC10F08D0FFF784F8F5
:10155000801BA842F2D9032001B0BDE8F0832068C7
:1015600000F0020151B1E1683A6802F00F029142C5
:1015700004D23A6822F00F0211433960D8F8001003
:1015800001F00F0149450DD9D8F8001021F00F01E5
:1015900041EA0901C8F80010D8F8001001F00F0165
:1015A00049455DD141070AD521693A6802F07002C8
:1015B000914204D23A6822F0700211433960010767
:1015C0000AD561697A6802F07002914204D27A68A1
:1015D00022F0700211437960C1060AD5A1697A68C8
:1015E00002F4E062914204D27A6822F4E06211438C
:1015F000796080060AD5E069B96801F07001884217
:1016000004D2B96821F070010843B86000F02CF8EA
:10161000396846F22453C0F60003C1F303213A6847
:1016200002F00F02595C9A5C01F01F0120FA01F1EF
:1016300002F01F0040F2140221FA00F0C2F2004250
:10164000106040F20C0040F21002C2F20040C2F200
:1016500000420068116001B0BDE8F043FFF748B8F0
:10166000012001B0BDE8F08344F20041C5F602015B
:101670000869C0F3C20003280FD002282BD078BB22
:101680000868800649F20000C0F2D03058BF7047A9
:101690000968C1F3C101C84070478A6A886AC0F30B
:1016A000051CCB6A486B03F00103BCF1000FC0F3CB
:1016B000CC0003FB00F000EE100AB8EE400A14D094
:1016C00002F00302022A12D0A2B90868800614D4DC
:1016D0009FED251A1EE047F64000C0F27D107047CE
:1016E00040F60010C0F23D007047002070479FEDAB
:1016F0001D1A0FE09FED1A1A0CE0086849F200026B
:10170000C0F2D032C0F3C10022FA00F001EE100A9C
:10171000B8EE411A02EE10CA9FED144AB8EE422A02
:10172000086B6FF35F2003EE100A81EE021AB8EE29
:10173000433A086B00EE043AB7EE000AC0F34620C5
:10174000013033EE000A21EE000A01EE100AB8EE75
:10175000411A80EE010ABCEEC00A10EE100A704772
:101760000024744A20BCBE4B0024744C0000003995
:10177000F0B581B0002800F057810446007844F2AB
:101780000046C007C5F6020621D12078800740F147
:10179000B280306910F03801B06A3CD0182908BF17
:1017A0005FEA807037D0E068316800285CD021F0B3
:1017B000190108433060FEF74FFF054630684007C7
:1017C00043D4FEF749FF401B0228F7D969E130698D
:1017D00000F03801B06A102905D018290AD100F0AC
:1017E0000300022806D130688003CED56068002847
:1017F000CBD119E16068002847D0B0F5803F06D012
:10180000B0F5A02F30685ED140F4802030603068A1
:1018100040F480305DE030684007E06802D5002881
:1018200000F00281316821F0190108433060FEF7B1
:1018300013FF05463068400707D4FEF70DFF401B35
:1018400002284FF00300F5D915E2FEF7FDFE41F244
:101850000301884230D820697168402821F47C3126
:1018600046D141F4003045E021F001003060FEF740
:10187000F3FE0546306840073DD5FEF7EDFE401B00
:1018800002284FF00300F5D9F5E1306820F48030EC
:101890003060306820F480203060FEF7DDFE0546C1
:1018A000306880037FF571AFFEF7D6FE401B6428D9
:1018B0004FF00300F4D9DEE17068216920F0FE40AA
:1018C00040EA016016E020F480303060306820F497
:1018D00080203060FEF7C0FE054600BF3068800300
:1018E0003FF553AFFEF7B8FE401B6428F6D9D8E0A9
:1018F00041EA003070602078C00653D5306900F0AE
:101900003801B06A082905D0182919D100F0030060
:10191000012815D13068C00503D5E069802840F062
:101920008380FEF791FE41F2030188421DD8206AB0
:101930007168202821F0F84131D141F0804030E039
:10194000E0690028306818D040F080003060FEF771
:1019500083FE05463068C005E3D4FEF77DFE401BDC
:1019600002284FF00300F5D985E1F068216A20F0E4
:101970007C5040EA0160F06014E020F080003060AC
:10198000FEF76AFE054600BF3068C0050AD5FEF7BF
:1019900063FE401B02284FF00300F5D96BE141EADA
:1019A000806070602078000741D42078800652D48F
:1019B0002078400763D4656A9DB3306900F0380031
:1019C000182840F0A580012DB16A306B2CD001F0B1
:1019D0000302A36A9A4227D1C1F30511E26A914238
:1019E00022D10146226B6FF35F21013A91421BD154
:1019F000C0F34621626B013A914215D1C0F3064112
:101A0000A26B013A91420FD1C0F30660E16B01393C
:101A1000884209D1706BC0F3CC00A16C814240F0C8
:101A20002C81002001B0F0BD012001B0F0BD606943
:101A30000028706F38D040F001007067FEF70CFE90
:101A4000054600BF706F8007AFD4FEF705FE401B50
:101A50000228F7D925E0A0690028306846D040F474
:101A600080503060FEF7F8FD054600BF3068800406
:101A70009ED4FEF7F1FD401B0228F7D911E0D6F8FD
:101A8000000440F48070C6F80004FEF7E5FD05464A
:101A9000D6F80004C00519D4FEF7DEFD401B64280B
:101AA000F6D9032001B0F0BD20F001007067FEF709
:101AB000D3FD0546706F80077FF577AFFEF7CCFD4D
:101AC000401B02284FF00300F4D9D4E0A06800289E
:101AD00040D0012806D00528306F40F0B58040F096
:101AE00004003067306F40F00100B3E020F4805014
:101AF0003060FEF7B1FD0546306880047FF558AFD1
:101B0000FEF7AAFD401B02284FF00300F4D9B2E013
:101B1000306820F080703060FEF79EFD022D054693
:101B20000CD100BF306880012ED5FEF795FD401B1B
:101B300002284FF00300F5D99DE000BF3068800116
:101B40007FF56FAFFEF788FD401B02284FF00300C2
:101B5000F4D990E0306F20F001003067306F20F052
:101B600004003067FEF778FD054641F2883700BF74
:101B7000306F80077FF51FAFFEF76EFD401BB84248
:101B80004FF00300F4D976E004F12807B06A40F280
:101B9000F33188438ECF0843591E40EA02104FF4B8
:101BA0007E42B06202EB47206FF35F214FF4FE02EA
:101BB00080B2E36B0844A16B02EB01414FF0FE429F
:101BC00001F4FE0102EB0362084402F0FE41084406
:101BD0003063F06A4FF6F87120F00100F062706B2C
:101BE000A26C884340EAC2007063F06A216C20F066
:101BF0000C000843F062F06A616C20F002000843B8
:101C0000F062F06A40F48030F062F06A40F4003034
:101C1000F062F06A40F48020F062F06A40F0010067
:101C2000F062306840F080703060FEF715FD0446C9
:101C3000306880013FF5F5AEFEF70EFD001B02286F
:101C40004FF00300F4D916E020F001003067306F48
:101C500020F004003067FEF7FFFC054641F28837AC
:101C6000306F80073FF5A7AEFEF7F6FC401BB84289
:101C70004FF00300F4D901B0F0BDF06A20F001008C
:101C8000F062FEF7E9FC0546FEF7E6FCA842FBD051
:101C9000706B4FF6F871A26C884340EAC200706323
:101CA000F06A40F00100F062002001B0F0BD0000D9
:101CB000006800EB8100006D70470000000000002C
:101CC000006800EB81000265704700000000000022
:101CD000B0B50068002A40684FEA1043CB70C0F3EB
:101CE000042E00F03F0C81F801E081F802C0C0F33F
:101CF00042320A7001D00020B0BDC0F3035203F09D
:101D00000F034FEA1E1402EB8202050A00F00F00D7
:101D100003EB4202CA7044EA840305F00F054FEA60
:101D20001C1405EB43034B7044EA840200EB4200B1
:101D300088700020B0BD0000B0B50068002A836A3A
:101D40004B6003696FF3DF338B60006800F07F0C3A
:101D5000C0F305430B70C0F3062E81F801E081F853
:101D600002C0C0F38052CA7001D00020B0BD1B0970
:101D7000020C43EA830302F00F024FEA1E1402EB47
:101D800043020A7004EB84034FEA1C14050A00F0B6
:101D90000F0004EB840205F00F0505EB43034B70C5
:101DA00000EB420088700020B0BD00000000000081
:101DB00070B500284FD0044690F8210028B90020C3
:101DC00084F82000204600F05BF8022084F821000F
:101DD0002168C868C0064DD4CA20486253204862B2
:101DE000C86840061BD44FF0FF30C860FEF734FCD3
:101DF0002168CA68520612D406460025FEF72CFC5C
:101E0000801BB0F57A7F02D9032584F82150216820
:101E1000032DC86802D010F04000EFD0BDB94FF6D6
:101E2000BF728868CFF68F72261D104088604DCE35
:101E30003043A66930438E683043886043EA0240ED
:101E40000861204602F050FC216838B10546FF20A9
:101E50004862E8B270BD0125E8B270BDC86C20F0E0
:101E60000300C8646069E2691043CA6C1043C86427
:101E7000FF2048620025012084F82100E8B270BDEF
:101E800010B5B0B004466846C021FEF728FA44F207
:101E900000012068C5F60001884201D030B010BDB5
:101EA000002001904FF4800000904FF480702D903E
:101EB0006846FEF715FD08B1FEF78AFA44F2704055
:101EC000C5F60200016841F40041016030B010BD68
:101ED0002DE9F04381B0044690F820000225012846
:101EE00000F0A0804FF0010084F8200084F8215019
:101EF0003AB14878CA7891F80290000240EA024864
:101F00004EE04878C20603D500F0EF000A30487072
:101F1000CA780A2A10D30A3A4CF6CD47D3B2CCF687
:101F2000CC47A3FB0737FB0803EB8307A2EB470271
:101F3000102707EB031300E000231A430A28D2B24C
:101F40004FEA024210D30A384CF6CD47C3B2CCF662
:101F5000CC47A3FB0737FB0803EB8307A0EB470045
:101F6000102707EB031300E0002303438878DBB25C
:101F70000A2842EA032810D30A384CF6CD43C2B2ED
:101F8000CCF6CC43A2FB0323DA0802EB8203A0EBDE
:101F90004300102303EB021200E0002240EA020992
:101FA00022680F78CA20506253205062D0684006E1
:101FB0001ED44FF0FF30D060FEF74EFB2268D16890
:101FC000490615D406460025FEF746FB801BB0F5F2
:101FD0007A7F02D9032584F821502268032DD06826
:101FE00002D010F04000EFD015B1FF20506216E093
:101FF0005FFA89F0790340EA080020F0C000084346
:102000005060204602F070FB2168054600284FF022
:10201000FF00486203D10025012084F82100002040
:1020200084F82000E8B201B0BDE8F08300000000B1
:102030002DE9F041044690F820000227012800F025
:10204000AD80012084F8200084F821700D462168BD
:10205000CA209046486253204862C86840061FD490
:102060004FF0FF30C860FEF7F7FA2168CA685206E1
:1020700016D40646002700BFFEF7EEFA801BB0F527
:102080007A7F02D9032784F821702168032FC8685A
:1020900002D010F04000EFD017B1FF2048627AE084
:1020A0008868B8F1000F00F0400003D0C8B1E878AC
:1020B000800518E008B90020E8702A784CF6CD4079
:1020C000CCF6CC400A2A17D30A3AD3B2A3FB003786
:1020D000FB0803EB8307A2EB4702102707EB03176C
:1020E0000BE00020E8702A786B78AF781B0243EA97
:1020F00002423A44104330E000276B783A43D2B2B0
:102100000A2B4FEA02420CD30A3BDFB2A7FB007650
:10211000F70807EB8706A3EB4603102606EB071725
:1021200000E000271F43AB78FFB20A2B42EA0722E8
:102130000CD30A3BDFB2A7FB0007F80800EB8007CF
:10214000A3EB4703102707EB001000E00020184323
:10215000EB78C0B2104340EA835047F67F72C0F27A
:102160007F0210400860886820F480208860D5E9EC
:10217000030210438A6810438860204602F0B4FAD4
:102180002168074600284FF0FF00486203D100276E
:10219000012084F82100002084F82000F8B2BDE876
:1021A000F0810000000000002DE9F047002857D022
:1021B00043F6000304460068C4F2000343F2000E35
:1021C00043F6004C9842C4F2010EC4F2000C4FF0EA
:1021D0000001A16203D0604518BF70453DD1E16B9D
:1021E0000122E568984202EB511105F108024FEA1D
:1021F000D20202FB01F118BF704525D110292FD85A
:1022000094F8811031B9002084F88000204600F055
:102210009FF82068022184F88110016821F00101F3
:1022200001608168D4F81880B8F1806F01F4F81E5D
:10223000D4F804A01FD1BAF1000F14D0BAF5800F62
:1022400019D1A36BFBB912E0604518BF082907D864
:10225000704518BF6045D1D0D2E7E1680F29BED9DB
:102260000120BDE8F087A36BB3F1805F06D103685E
:1022700043F4805303605FEA4A2304D4D4F80C90FB
:102280004FF0010C0FE0D4F80C90B9F1070F08D310
:10229000056825F4807C256D45EA0C054FF0000C9F
:1022A00004E04FF0000C056825F480750560BAF174
:1022B000000FE769A26A47EA0E07E36B42EA0702EA
:1022C000A56842EA03022669676942EA0902826058
:1022D0004AEA0803626B616A42EA0302A36B41EABD
:1022E000020141EA0301226A41EA0601E36C41EA84
:1022F000070141EA0201A26C41EA0301A36D41EA30
:10230000050141EA020141EA0301C16009D1816886
:10231000012262F3CC2181608168022262F34A21AA
:102320008160016DBCF1000F21F00101016505D153
:10233000C168626D21F000411143C1600020C4F802
:102340008400012184F88110BDE8F08700000000BE
:10235000B0B5B8B0044602A8C0210025CDE9365575
:10236000CDE934553395FDF7BAFF43F200412068BB
:10237000C4F20101884201D038B0B0BD4FF4005022
:10238000029002A803951B95FEF7AAFA08B1FEF782
:102390001FF844F2E040C5F60200016941F4005123
:1023A0000161016901F4005101910199016841F055
:1023B000100101600068002100F0100001900198F8
:1023C0004FF4A040339002203490CDE93510052021
:1023D000379041F2000033A9C5F60200FEF728F855
:1023E00038B0B0BD000000002DE9F04381B00446D4
:1023F00090F8800001281BD01D4617460E46D4F8E1
:102400000090012084F88000FEF726F994F88110EE
:1024100001290AD1002E18BF002F0DD1002084F809
:102420008000012001B0BDE8F083002084F8800026
:10243000022001B0BDE8F0838046042084F88100CA
:102440000020C4F884006666A4F86870A4F86A7076
:10245000E065A4F86000A4F86200A1682067B1F507
:10246000C02F6067206804D1016821F40061016019
:1024700004E0C168022262F35241C16041684FF634
:10248000FF72914339444160016841F001010160EC
:102490006168B1F5800F03D1016841F400710160FA
:1024A000E268102A27D3B4F86A10002900F0988057
:1024B000691C00F0A68048F20806416931420AD042
:1024C000006B616E41F8040B6166B4F86A00013874
:1024D000A4F86A0006E0FEF7BFF8A0EB0800A842E7
:1024E00080F0AD80B4F86A00002879D02068416996
:1024F0003142E5D1EFE7B4F86A10072A38D900294C
:102500006ED0691C1ED04069C00706D1FEF7A4F842
:10251000A0EB0800A8420BD391E0B9F83000616E3F
:1025200021F8020B6166B4F86A000138A4F86A0069
:10253000B4F86A00002853D020684069C007E5D08D
:10254000EBE720684069C00702D1FEF785F80AE092
:10255000B9F83000616E21F8020B6166B4F86A00C8
:102560000138A4F86A00B4F86A000028E9D137E01D
:10257000B1B3691C1ED04169C90706D1FEF76CF8DA
:10258000A0EB0800A8420CD359E090F83000616E2F
:102590000870606E01306066B4F86A000138A4F813
:1025A0006A00B4F86A00D8B120684169C907E5D06B
:1025B000EBE720684169C90702D1FEF74DF80BE04F
:1025C00090F83000616E0870606E01306066B4F89B
:1025D0006A000138A4F86A00B4F86A000028E8D15B
:1025E000204602F0C9F8002084F88000012084F819
:1025F0008100D4F88400002818BF012001B0BDE894
:10260000F08348F20805416929420DD0006B616EE4
:1026100041F8040B6166B4F86A000138A4F86A0056
:10262000B4F86A0030B9DBE7FEF716F8B4F86A00D0
:102630000028D5D0206841692942E7D1F4E7204637
:1026400002F09AF8002084F88000D4F8840040F466
:102650008070C4F88400012084F88100032001B058
:10266000BDE8F083000000002DE9F04381B004468E
:1026700090F8800001281BD01D4617460E46D4F85E
:102680000090012084F88000FDF7E6FF94F88110A7
:1026900001290AD1002E18BF002F0DD1002084F887
:1026A0008000012001B0BDE8F083002084F88000A4
:1026B000022001B0BDE8F0838046032084F8810049
:1026C0000020C4F88400E665A4F86070A4F8627085
:1026D0006066A4F86800A4F86A00A1682067B1F5F4
:1026E000C02F6067206804D10168024641F4006190
:1026F00005E00246012352F80C1F63F352411160BA
:102700004FF6FF724168914339444160016841F0DE
:10271000010101606168B1F5800F03D1016841F4E6
:1027200000710160E268102A3AD3B4F862100029FF
:1027300000F01181691C1ED04169890706D4FDF79C
:102740008BFFA0EB0800A8420AD330E1E16D51F8FD
:10275000042B0262E165B4F862000138A4F862005B
:10276000B4F86200002800F0F6802068416989070B
:10277000E5D5EBE720684169890702D4FDF76CFFD6
:1027800009E0E16D51F8042B0262E165B4F86200E2
:102790000138A4F86200B4F862000028EAD1DAE057
:1027A000B4F86210072A5BD9002900F0D480691CB4
:1027B00031D04FF6FE714E1C4169890706D4FDF7F2
:1027C0004BFFA0EB0800A8421AD3F0E0B4F8621067
:1027D000022909D3E16B39B1E16D51F8042B026292
:1027E000E1654FF6FE7006E0E06D30F8021BA9F8D7
:1027F0002010E0653046B4F862100844A4F8620086
:10280000B4F86200002800F0A680206841698907BA
:10281000DCD4D4E720684169890702D4FDF71CFFA6
:1028200019E0B4F8621002290AD3E16B41B1E16DFD
:1028300051F8042B0262E165B4F86200023808E046
:10284000E06D30F8021BA9F82010E065B4F86200D2
:102850000138A4F86200B4F862000028DAD17AE006
:10286000002978D0691C40D04FF6FE718E1E4F1C97
:102870004169890706D4FDF7EFFEA0EB0800A842E6
:102880002AD394E0B4F86210042909D3E16B4029FB
:1028900006D9E16D51F8042B0262E165304616E07D
:1028A000B4F8621002290AD3E16B41B1E06D30F84F
:1028B000021BA9F82010E0654FF6FE7007E0E16DFD
:1028C000097880F82010E06D0130E0653846B4F8F2
:1028D00062100844A4F86200B4F86200D8B320681B
:1028E00041698907CED4C6E720684169890702D4C7
:1028F000FDF7B2FE2BE0B4F8621004290BD3E16BB4
:10290000412908D3E16D51F8042B0262E165B4F866
:102910006200043819E0B4F8621002290BD3E16BAD
:1029200049B1E06D30F8021BA9F82010E065B4F859
:102930006200023809E0E16D097880F82010E06D4E
:102940000130E065B4F862000138A4F86200B4F820
:1029500062000028C8D1681C14D000BF20684069FC
:10296000000713D4FDF778FEA0EB0800A842F5D3CA
:10297000D4F8840040F02000C4F8840006E000BFD2
:10298000FDF76AFE206840690007F9D5204601F08E
:10299000F3FE002084F88000012084F88100D4F840
:1029A0008400002818BF012001B0BDE8F083204654
:1029B00001F0E2FE002084F88000D4F8840040F4A6
:1029C0008070C4F88400012084F88100032001B0E5
:1029D000BDE8F08300000000411E0020B0EB116F45
:1029E00001D0012070474EF21002F023CEF2000217
:1029F00051604EF62351CEF200010B70072190601A
:102A0000116070470000000010B590F83C20012ACA
:102A100001D1022010BDCB6848F2FF7ED1E901C28E
:102A200023F47C5322F47052CFF6F07E1A430CEA62
:102A30000E03D1F800C042EA030E2CF477230A6992
:102A400043EA0E0322F47622D0F800E01A434B69E1
:102A50001A434EF4806322F4742C40F20042C4F214
:102A600001028C6993428A6A22F470224FF00103BA
:102A700042EA0C0280F83C3042EA044310D140F2B2
:102A8000000C23F07C724B6ACFF6F04CCC690CEA58
:102A900003531A4324F00073096A1A4342EA0103FC
:102AA0000021CEF8443080F83C10084610BD0000EC
:102AB000B0B590F83C20012A4FF002025CD001230F
:102AC00080F83C3080F83D2040F2004C0268C4F2AF
:102AD000010C42F4806363455368D2F808E002BFFA
:102AE00023F470034C68234341F2FF740D68C4F271
:102AF000000423F07003A24243EA050353600BDC99
:102B000040F2FF73C4F200039A4215DCB2F1804F29
:102B100027D040F2004317E040F2FF33C4F2010334
:102B20009A4216DC41F60003C4F200039A4218D020
:102B30000023C4F2010309E040F60003C4F20003DD
:102B40009A420ED040F60043C4F200039A4208D0E5
:102B50000CE044F20003C4F201039A4201D0624542
:102B600004D12EF08003896819439160002201216D
:102B700080F83D1080F83C201046B0BD00000000F9
:102B800051B1082916D004291AD100F14502127852
:102B9000012A06D00120704700F144021278012A70
:102BA000F8D1022291B1082913D0042914D180F858
:102BB000452013E000F146021278012AF1D0E9E73E
:102BC00000F147021278012AE4D1EAE780F84420B4
:102BD00004E080F8462001E080F84720026801F018
:102BE0001F00042101FA00F0116A81431162116A89
:102BF0000843106241F2FF70516CC4F2000082423F
:102C000041F4004050640DDC40F2FF70C4F200005B
:102C1000824215DCB2F1804F29D040F20040C4F26C
:102C2000000022E040F2FF30C4F20100824212DCD8
:102C300041F60000C4F20000824218D0002012E0E9
:102C400040F60000C4F20000824210D040F600407E
:102C5000C4F2000009E044F20000C4F20100824224
:102C600005D040F20040C4F2010082420BD107219E
:102C70009068C0F2010101400020062918BFB1F59B
:102C8000803F00D17047106840F0010010600020C4
:102C900070470000000000002DE9F04390F83C3040
:102CA000012B02D10220BDE8F0834FEAB2030122DA
:102CB000052B80F83C2000F25082DFE813F006007C
:102CC00038007F00C600F700280103684FF68C74B7
:102CD000CFF6FE7443F6FF781A6AC4F2010822F0B8
:102CE00001021A621A46D3F820E0D3F804C0434523
:102CF00052F8185F0E6804EA05048F682EF002058A
:102D000044EA060447EA050E40F3338144F2000525
:102D1000C4F20105AB4200F0378144F60005C4F26D
:102D20000105AB4200F0308144F2004528E1036820
:102D300048F6FF4CCFF6FF6C1A6A22F010021A62B6
:102D40001A461F6AD3F8048027F0200752F8186F3C
:102D50000D6806EA0C068C6846EA052C40F2004530
:102D600043F48066C4F20105AE4247EA041E08D16E
:102D7000CC686FF040062EF0C00706EA041646EA5B
:102D8000070E43F6FF74C4F20104A34240F3178117
:102D900044F20004C4F20104A34200F0178144F697
:102DA0000004C4F20104A34200F0108144F2004484
:102DB000C4F20104A34200F009810FE103684FF659
:102DC0008C75CFF6FE7540F200481A6AC4F201080D
:102DD00022F480721A621A461F6AD3F8049027F40C
:102DE000007752F81C6F8C682E4043F4806545458F
:102DF0000D6846EA050E47EA042C09D1CC6840F27A
:102E0000FF4524022CF4406724EA050646EA070C35
:102E100043F6FF74C4F20104A34240F3F18044F28C
:102E20000004C4F20104A34200F0F18044F600045F
:102E3000C4F20104A34200F0EA8044F20044C4F268
:102E40000104A34200F0E380E9E0036848F6FF4C88
:102E5000CFF6FF6C1A6A22F480521A621A461F6A71
:102E6000D3F8048027F4005752F81C6F0D6806EA67
:102E70000C068C6846EA052C43F6FF76C4F2010680
:102E800047EA043EB34240F3DC8044F20004C4F25B
:102E90000104A34200F0E08044F60004C4F20104FF
:102EA000A34200F0D98044F20044D1E003684FF619
:102EB0008C76CFF6FE7643F6FF7C1A6A033622F450
:102EC00080321A621A461F6AD3F804E0C4F2010C79
:102ED00052F8545F0C682E408D6827F40037634524
:102EE00044EA060447EA054C40F3CD8044F200056D
:102EF000C4F20105AB4200F0D18044F60005C4F2F3
:102F00000105AB4200F0CA8044F20045C2E003680C
:102F100048F6FF45CFF6FF651A6A05F5407522F4BD
:102F200080121A621A461F6AD3F8048027F4001729
:102F300052F8546F0C682E408D6846EA042C43F614
:102F4000FF76C4F2010647EA055EB34240F3BC8057
:102F500044F20004C4F20104A34200F0C08044F62D
:102F60000004C4F20104A34200F0B98044F200441A
:102F7000B1E00025C4F20105AB4205D040F20045A6
:102F8000C4F20105AB4206D1CD682EF00C0725F046
:102F9000040646EA070E434540F3B98044F20005B3
:102FA000C4F20105AB4200F0BD8044F60005C4F256
:102FB0000105AB4200F0B68044F20045AEE00024CB
:102FC000C4F20104A34201D0AB4207D14C6928F4FA
:102FD00040658E6945EA840444EA8608C3F80480A3
:102FE000C3F818C04F6809699F63C3F820E09F6960
:102FF00047F400679F619F6927F480679F6184E0C1
:103000000024C4F20104A34201D0434507D14C6916
:1030100029F440558E6945EA041444EA0619C3F8B8
:103020000490C3F81CE04F680969DF63C3F820C04F
:10303000DF6947F00807DF61DF6927F00407DF6118
:1030400087E00024C4F20104A34205D040F200440A
:10305000C4F20104A34204D14C6928F4804545EA36
:103060008418C3F80480C3F81CC04F6809691F6442
:10307000C3F820E0DF6947F40067DF61DF6927F408
:103080008067DF6141E00025C4F20105AB4205D055
:1030900040F20045C4F20105AB4204D14D692EF463
:1030A000803747EA052EC3F804E05C654F6809697C
:1030B0009F65C3F820C05F6D47F008075F655F6DCF
:1030C00027F004075F6544E00024C4F20104A34232
:1030D00005D040F20044C4F20104A34204D14C697B
:1030E00028F4802545EA8428C3F80480C3F854C036
:1030F0004F680969DF65C3F820E05F6D47F400673A
:103100005F655F6D27F480675F65090221E0002538
:10311000C4F20105AB4205D040F20045C4F20105FE
:10312000AB4206D12CF44077D1E90565374347EA35
:10313000050CC3F804C09C614F6809695F63C3F85C
:1031400020E09F6947F008079F619F6927F0040707
:103150009F611368194311600022002180F83C1020
:103160001046BDE8F083000060B310B5044690F847
:103170003D0028B9002084F83C00204600F024F8E7
:10318000022084F83D002068211D02F0A9FC0120E6
:1031900084F8480084F83E0084F83F0084F840003A
:1031A00084F8410084F8420084F8430084F8440025
:1031B00084F8450084F8460084F8470084F83D0010
:1031C000002010BD0120704781B000210068C4F2CA
:1031D0000101884201D001B0704744F2F040C5F6C9
:1031E0000200016841F001010160006800F0010087
:1031F0000090009801B07047FEE70000000000005A
:103200002DE9F04F03AF8DB09A460823BAF10C0FA9
:10321000164608BF062347F81C1C40F2180147F861
:10322000203C03FB0AF347F8340C0720C2F20041AC
:1032300047F838DC00EB4300D7F8188020F007008F
:103240000988ADEB000047F8301C47F8240C854690
:1032500040F28805A7F11801C2F2004505F1080403
:10326000204601F085FEA7F11401204647F83C4CAA
:1032700001F086FEB8F1000FA6F1200000F03181C8
:10328000BAF1000F00F0898340F21801BAF10C0F77
:10329000C2F20041C0B2098809BA4FEA114147F8A9
:1032A0002C1C57E9061B47F8281C40F0678200EBEE
:1032B00040004CF67D11C0F600014FF0000C01EB10
:1032C000800E0020002657F8342C57F81C9C00BFB5
:1032D0001EF900104FEA5008B1F1FF3F0DDC57F81E
:1032E000204C57F8245CB3B2634305EB480C57F805
:1032F0002C4C2CF813404FF0000C0136B3B2534560
:1033000009F101039BB228BF66469B4540F25583F5
:1033100057F81C5C5B1B534500F0D680C9B24B06C6
:103320000BD557F8204C57F8245CB3B2634305EB38
:10333000480457F82C5C24F813500136B3B25345B7
:1033400009F102039BB228BF66469B4540F23583D4
:1033500057F81C5C5B1B534500F0B6808B060BD501
:1033600057F8204C57F8245CB3B2634305EB48048C
:1033700057F82C5C24F813500136B3B2534509F1C9
:1033800003039BB228BF66469B4540F2168357F85D
:103390001C5C5B1B534500F09780CB060BD557F8A0
:1033A000204C57F8245CB3B2634305EB480457F84C
:1033B0002C5C24F813500136B3B2534509F10403D1
:1033C0009BB228BF66469B4540F2F78257F81C5CCB
:1033D0005B1B534578D00B070BD557F8204C57F89B
:1033E000245CB3B2634305EB480457F82C5C24F823
:1033F00013500136B3B2534509F105039BB228BF00
:1034000066469B4540F2D98257F81C5C5B1B5345CE
:103410005AD04B070BD557F8204C57F8245CB3B261
:10342000634305EB480457F82C5C24F8135001362D
:10343000B3B2534509F106039BB228BF66469B45CC
:1034400040F2BB8257F81C5C5B1B53453CD08B079A
:103450000BD557F8204C57F8245CB3B2634305EB07
:10346000480457F82C5C24F813500136B3B2534586
:1034700009F107039BB228BF66469B4540F29D8237
:1034800057F81C5C5B1B53451ED0C90709F108099E
:103490000BD057F8203C57F82C5CB1B2594357F881
:1034A000243C03EB480323F811500136B1B25145D7
:1034B0001FFA89F128BF66468B4540F27E8257F895
:1034C0001C5C491B514507D1013257F8283C91B289
:1034D000A9468B4240F2718201300C287FF4F8AE8D
:1034E0005BE2BAF1000F00F058822988BAF10C0FA4
:1034F000C0B209BA4FEA114147F8281C57F8301CEE
:1035000091FA91FC57E9061E47F82C1C40F06382A3
:1035100000EB40004CF67D11C0F6000100230026B0
:1035200057F8349C57F81C8C01EB800047F8400C8E
:1035300057F8400C654657F8284C4FF0000BC25620
:1035400023F00100B1B20136B2F1FF3FC8BF2546FA
:1035500057F8204C4C4357F8241C0144B0B2504556
:1035600008F1010080B228BF5E46864521F814505C
:1035700040F2238257F81C4C001B504500F0E080BD
:103580005FFA82FB65465FEA4B6057F8280C58BF2C
:10359000054657F8204C0022B0B201364443B0B281
:1035A000504508F1020080B228BF1646864521F832
:1035B000145040F2028257F81C4C001B504500F09A
:1035C000BF805FEA8B60654657F8280C4FF0000219
:1035D00058BF054657F8204CB0B201364443B0B24C
:1035E000504508F1030080B228BF1646864521F8F1
:1035F000145040F2E28157F81C4C001B504500F07B
:103600009F805FEACB60654657F8280C4FF00002B8
:1036100058BF054657F8204CB0B201364443B0B20B
:10362000504508F1040080B228BF1646864521F8AF
:10363000145040F2C28157F81C4C001B504500F05A
:103640007F805FEA0B70654657F8280C4FF0000248
:1036500058BF054657F8204CB0B201364443B0B2CB
:10366000504508F1050080B228BF1646864521F86E
:10367000145040F2A28157F81C4C001B50455FD0FB
:103680005FEA4B70654657F8280C4FF0000258BFB0
:10369000054657F8204CB0B201364443B0B250450D
:1036A00008F1060080B228BF1646864521F814505E
:1036B00040F2838157F81C4C001B504540D05FEA14
:1036C0008B70654657F8280C4FF0000258BF05462E
:1036D00057F8204CB0B201364443B0B2504508F11F
:1036E000070080B228BF1646864521F8145040F2E4
:1036F000648157F81C4C001B504521D057F8202CF2
:103700005FEACB70B0B206F1010602FB00F008F1EF
:103710000808654657F8284CB2B208BF25465245FE
:103720004FF000041FFA88F228BF2646964521F87C
:10373000105040F2428157F81C4C101B504513D1D9
:1037400009F1010957F82C1C1FFA89F0A0468142A3
:1037500040F21800C2F20040058040F22E81013391
:103760000C2B7FF4E5AE18E140F21800C2F20040E5
:10377000058001330C2B7FF4DBAE0EE14CF6F151EA
:103780004FF0000EC0F60001002601EB001C0020E7
:1037900057F8342C57F81C9C1CF900104FEA5008BD
:1037A000B1F1FF3F0BDC57F8204C57F82C5CB3B25B
:1037B000634357F8244C04EB480424F813500136B3
:1037C000B3B2534509F101039BB228BF76469B452E
:1037D00040F2F38057F81C4C1B1B534500F0D2807D
:1037E000C9B24B060BD557F8204C57F82C5CB3B236
:1037F000634357F8244C04EB480424F81350013673
:10380000B3B2534509F102039BB228BF76469B45EC
:1038100040F2D38057F81C4C1B1B534500F0B2807C
:103820008B060BD557F8204C57F82C5CB3B263438A
:1038300057F8244C04EB480424F813500136B3B273
:10384000534509F103039BB228BF76469B4540F2DE
:10385000B48057F81C4C1B1B534500F09380CB06DB
:103860000BD557F8204C57F82C5CB3B2634357F88C
:10387000244C04EB480424F813500136B3B25345EA
:1038800009F104039BB228BF76469B4540F2958020
:1038900057F81C4C1B1B534574D00B070BD557F81E
:1038A000204C57F82C5CB3B2634357F8244C04EB1C
:1038B000480424F813500136B3B2534509F1050307
:1038C0009BB228BF76469B4577D957F81C4C1B1BEB
:1038D000534557D04B070BD557F8204C57F82C5C65
:1038E000B3B2634357F8244C04EB480424F8135054
:1038F0000136B3B2534509F106039BB228BF7646A1
:103900009B455AD957F81C4C1B1B53453AD08B0783
:103910000BD557F8204C57F82C5CB3B2634357F8DB
:10392000244C04EB480424F813500136B3B2534539
:1039300009F107039BB228BF76469B453DD957F84E
:103940001C4C1B1B53451DD0C90709F108090BD09E
:1039500057F8203C57F82C4CB1B2594357F8243C47
:1039600003EB480323F811400136B1B251451FFA69
:1039700089F128BF76468B451FD957F81C4C091B87
:10398000514506D1013257F8283C91B2A1468B42ED
:1039900013D9013082457FF4FFAE82B057F8200C76
:1039A00057F8341CCDE9000A57F83C0C57F81C2C8A
:1039B00057F8243C01F02CF902B040F2180057F8F7
:1039C000301CC2F20040018057F838DCA7F10C042B
:1039D000A546BDE8F08F4CF6F1510023C0F600017A
:1039E0004FF0000B57F8349C01EB001057F81C4CBB
:1039F00047F8400C57F8400C654657F8286CC256FB
:103A000023F001001FFA8BF10BF1010BB2F1FF3F24
:103A1000C8BF354657F8206C06FB01F857F8241C40
:103A2000014400261FFA8BF0504504F1010080B2DA
:103A300028BFB346864521F81850BED957F81C6CEC
:103A4000801B504500F0F2805FFA82F865465FEA1D
:103A5000486057F8280C58BF054657F8206C0022DC
:103A60001FFA8BF00BF1010B46431FFA8BF0504508
:103A700004F1020080B228BF9346864521F8165013
:103A80009BD957F81C6C801B504500F0CF805FEA33
:103A90008860654657F8280C4FF0000258BF05466D
:103AA00057F8206C1FFA8BF00BF1010B46431FFAFD
:103AB0008BF0504504F1030080B228BF9346864541
:103AC00021F816507FF679AF57F81C6C801B5045D3
:103AD00000F0AC805FEAC860654657F8280C4FF0EC
:103AE000000258BF054657F8206C1FFA8BF00BF107
:103AF000010B46431FFA8BF0504504F1040080B2DD
:103B000028BF9346864521F816507FF656AF57F8E2
:103B10001C6C801B504500F089805FEA0870654688
:103B200057F8280C4FF0000258BF054657F8206C94
:103B30001FFA8BF00BF1010B46431FFA8BF0504537
:103B400004F1050080B228BF9346864521F816503F
:103B50007FF633AF57F81C6C801B504566D05FEA88
:103B60004870654657F8280C4FF0000258BF0546CC
:103B700057F8206C1FFA8BF00BF1010B46431FFA2C
:103B80008BF0504504F1060080B228BF934686456D
:103B900021F816507FF611AF57F81C6C801B50456A
:103BA00044D05FEA8870654657F8280C4FF0000251
:103BB00058BF054657F8206C1FFA8BF00BF1010B2C
:103BC00046431FFA8BF0504504F1070080B228BF2E
:103BD0009346864521F816507FF6EFAE57F81C6CD9
:103BE000801B504522D057F8202C5FEAC8701FFA7E
:103BF0008BF00BF1010B02FB00F004F108046546A9
:103C000057F8286C1FFA8BF208BF354652454FF023
:103C10000006A2B228BFB346964521F810507FF6A1
:103C2000CCAE57F81C0C101A504514D109F10109FB
:103C300057F82C1C1FFA89F057F81C4C814240F2AF
:103C40001800C2F2004005807FF6B7AE01339A45F6
:103C50007FF4D0AEA1E640F21800C2F20040058029
:103C600001339A457FF4C6AE97E6000000000000DD
:103C70002DE9F04F81B00B9F97F800C0ACF1200503
:103C8000EDB25E2D26D80C4680460A9E104419449B
:103C90004FEA5609013745461FFA80FA1FFA81FBA1
:103CA000A8B2504528BF344428BF5FFA88F5A1B2B6
:103CB00059450FD2A8B200235FFA8CF20093334625
:103CC000FFF79EFA17F801CB4D44ACF12000C0B2CB
:103CD0005F28E5D301B0BDE8F08F000000000000D0
:103CE0002DE9F04F81B02DED048B8AB040F2C8046D
:103CF00040F28808C2F20044C2F2004808F1080607
:103D000040F2680140F600050320A0604FF4807087
:103D1000A081C2F200413046C5F6020501F0F4FB75
:103D200040F21C070521C2F20047304622463B689C
:103D30009847BA6808F104013046904740F2846A17
:103D40004FF00008C2F2004A46F23453C0F60003B6
:103D50000021DAF800000022C0F838803046BF6A3F
:103D60000496B847FCF778FC07464FF40051284604
:103D7000FCF752FC012800F0A8804FF6184044F6EA
:103D8000D356CFF6FF7005A94FF06409C1F2620661
:103D900040F6B83BC01B0390481C029010E000BFE7
:103DA00004FB09F0A0FB0601DAF800008909816331
:103DB0004FF400512846FCF72FFC012800F08580C5
:103DC0000A20FCF721FBFCF747FCC41BFCF744FC72
:103DD000B4F57A7FA0EB0704E2D9FCF73DFC5C4523
:103DE000A0EB07006AD84CF6CD41A0F57A70CCF66E
:103DF000CC41A0FB010105A8CA08BDA102F038F919
:103E00009DF81420A2F12000C0B25E2827D840F20D
:103E1000C8000125C2F20040DDF808B00088A0F11A
:103E20001E0909EB000A4C461FFA8AF0A1B2814232
:103E300028BF103528BF5FFA89F4A9B210290ED81F
:103E4000A0B21023D2B2CDF80080FFF7D9F91BF849
:103E5000012B0834A2F12000C0B25F28E4D340F265
:103E6000C80640F21C01C2F20046C2F2004170686E
:103E70008D6BC41EFCF7F0FB3168039A104444F6C6
:103E8000D3564843C1F262062246A0FB0601032036
:103E900000904FF6FF70CB09002101900498A847CD
:103EA00040F2846A40F60005C2F2004AC5F60205F7
:103EB0004FF0640940F6B83B7AE700BF58457FF6FB
:103EC00077AF02E00A20FCF79FFA4FF40051284632
:103ED000FCF7A2FB0128F5D0DAF80000806B10B3E4
:103EE00000EE100AB8EE408A9FED830A88EE009A31
:103EF000FCF7B2FB064600BF0120FCF785FAFCF791
:103F0000ABFB801BB0EE481A00EE100AB0F5967FAE
:103F1000B8EE400ADAF8001009EE401ABCEEC10A09
:103F200081ED0E0AE8D340F21C0040F2C804C2F250
:103F30000040C2F2004400210022876B4FF00008CD
:103F4000D4E9003000900498CDF80480B84746F2D8
:103F5000575005A9C6F24130059042F274004E1C3C
:103F6000C7F25340069046F275404FF00409C6F67A
:103F700069700790208857220424042704308DF8A4
:103F8000208085B2A0B2A84228BF103728BF4C4677
:103F9000B9B213290ED8A0B21023D2B2CDF8008046
:103FA000FFF72EF916F8012B0834A2F12000C0B259
:103FB0005F28E7D3FCF740FB05AC02464FA1204643
:103FC00002F056F89DF81420A2F12000C0B25E283D
:103FD00026D840F2C8000134C2F2004016264FF045
:103FE00004084FF0000900880427043085B200BFA0
:103FF000B8B2A84228BF103628BF4746B1B225291B
:104000000ED8B8B21023D2B2CDF80090FFF7F8F86E
:1040100014F8012B0837A2F12000C0B25F28E7D3C3
:1040200040F2880005ACC2F2004038A14268204648
:1040300002F01EF89DF81420A2F12000C0B25E2804
:1040400026D840F2C8000134C2F2004028264FF0C2
:1040500004084FF0000900880427043085B200BF2F
:10406000B8B2A84228BF103628BF4746B1B2372998
:104070000ED8B8B21023D2B2CDF80090FFF7C0F836
:1040800014F8012B0837A2F12000C0B25F28E7D353
:10409000DAF80000806B642824D000EE100A9FED4F
:1040A0001F1AB8EE408A9FED1C0A38EE000A80EE17
:1040B000019AFCF7D1FA04460120FCF7A5F9FCF7B8
:1040C000CBFA001BB0EE481A00EE100AC828B8EE72
:1040D000400ADAF8001009EE401ABCEEC10A81ED80
:1040E0000E0AE9D30AB0BDEC048B01B0BDE8F08F35
:1040F00025303364000000000000964353544D33D4
:104100003248377878203078255800004C434420D6
:1041100049443A30782558000000C8C2000048439E
:104120002DE9F04186B044F2E0400026C5F60200D9
:10413000059641F2000400220168C5F6020441F030
:10414000100101600168082501F01001009100993B
:10415000016841F004010160016801F0040100916F
:104160000099016841F080010160016801F080015F
:1041700000910099016841F0010101600068082187
:1041800000F00100009000982046FCF74DFA4FF433
:104190002051012220464FF420580127FCF744FA11
:1041A000CDE9015701AD20462946CDE90366FCF76C
:1041B0003FF94FF400502946CDE901060220039053
:1041C000A4F50060FCF734F9CDE9018703200490E1
:1041D000204629460396FCF72BF906B0BDE8F0818E
:1041E000B0B586B040F2D85041F20004C2F20040AF
:1041F000C5F602040021A4F5E832CDE90411CDE9A9
:104200000211CDE90011C0E900217F228260FF2266
:10421000C0E90321C0E90511C161FDF7C9FD08B17D
:10422000FCF7D6F840F2D8500121C2F20040FDF769
:104230003FFD43F2F221884239D144F2D045C5F620
:104240000205286800020CD5082101222046FCF74F
:10425000EBF90920FCF7D8F8082100222046FCF7EA
:10426000E3F9286840021CD5082101222046FCF70A
:10427000DBF90920FCF7C8F8082100222046FCF7EA
:10428000D3F96320FCF7C0F8082101222046FCF78F
:10429000CBF90920FCF7B8F8082100222046FCF7EA
:1042A000C3F9286840F48030286006B0B0BD40F201
:1042B000D8540121C2F2004443F2F2222046FDF715
:1042C000FFFC1220ADF8040000208DF80600CDE9B7
:1042D000040001A901222046FDF7AAFE08B1FCF75F
:1042E00077F840F201606946C2F20100009040F2A6
:1042F000D8500122C2F20040FDF7EAFD0028D4D0D8
:10430000FCF766F806B0B0BD10B540F2FC5443F2BD
:104310000040C2F20044C4F201004FF0806120600E
:104320004FF4800060604FF4C020A0600720E06080
:104330000020C4E90400A1614FF00051C4E9071056
:10434000C4E90900E0624FF08040606304F1380086
:104350002421FBF7C4FF2046FDF726FF002808BFF5
:1043600010BDBDE81040FCF733B8000000000000AD
:10437000B0B59CB0002501A82C2100241594C4F2EE
:104380000105CDE91344CDE91144CDE90F44CDE950
:104390000D440C94FBF7A3FF40F284600B21C2F2A2
:1043A00000400560C0E9011440F2E731C0E90314A0
:1043B000C0E90544FEF7D8FE08B1FCF709F840F261
:1043C000846013A9C2F20040CDE913441594FEF7AE
:1043D0006FFB08B1FBF7FCFF60200C900024082065
:1043E000CDE90D44CDE90F0440F284600CA9C2F27E
:1043F00000400422CDE91144FEF74EFC08B1FBF762
:10440000E7FF05944FF40050CDE90344CDE90144A2
:10441000CDE9060408944FF00070CDE909040B942F
:1044200040F28464C2F2004401A92046FEF7ECFA8F
:1044300008B1FBF7CDFF21680020A9421B90CDE910
:1044400019001890179001D01CB0B0BD44F2E041A3
:10445000C5F602010A6842F010020A60096801F01C
:104460001001169116994FF4806117910221CDE940
:1044700018101A9001201B9041F20000C5F60200AE
:1044800017A9FBF7D5FF1CB0B0BD0000000000006D
:10449000FEE7000000000000704700000000000080
:1044A0007047000000000000F0B581B044F22C47D6
:1044B000C5F6020757F8042C02F00302032A02D1C2
:1044C000012001B0F0BD054657F82C0C0C4620F039
:1044D000806047F82C0CFCF7BFF8064657F82C0C08
:1044E000000105D5FCF7B8F8801B0228F6D964E076
:1044F00057F8040CEE6895E80E0020F47C3040EA92
:104500000130A2F101014FF47E4247F8040C02EBA6
:1045100043224FF0FE436FF35F2192B202EB0100A2
:104520004FF4FE012A6901EB064101F4FE0103EBA1
:104530000262084402F0FE410844F8603868696984
:1045400020F0C00040EA010038603868A96920F016
:10455000200040EA0100386038684FF6F87120F01A
:10456000100038603869EA6920EA010040EAC200B8
:104570003861386840F0100038602CB1012C386880
:1045800006D140F4801005E0386840F4002001E0D6
:1045900040F40010386057F82C0C40F0806047F869
:1045A0002C0CFCF759F8044657F82C0C000107D4E2
:1045B000FCF752F8001B0328F6D3032001B0F0BD2E
:1045C000002001B0F0BD0000F0B581B044F22C47EE
:1045D000C5F6020757F8042C02F00302032A02D1A1
:1045E000012001B0F0BD054657F82C0C0C4620F018
:1045F000805047F82C0CFCF72FF8064657F82C0C87
:10460000800005D5FCF728F8801B0228F6D964E065
:1046100057F8040CEE6895E80E0020F07C7040EA34
:104620000150A2F101014FF47E4247F8040C02EB65
:1046300043224FF0FE436FF35F2192B202EB010081
:104640004FF4FE012A6901EB064101F4FE0103EB80
:104650000262084402F0FE410844786138686969E2
:1046600020F4406040EA010038603868A96920F40D
:10467000007040EA0100386038684FF6F87120F4A5
:1046800080703860B869EA6920EA010040EAC20037
:10469000B861386840F4807038602CB1012C3868FB
:1046A00006D140F4000005E0386840F4800001E0E5
:1046B00040F08070386057F82C0C40F0805047F87C
:1046C0002C0CFBF7C9FF044657F82C0C800007D4CC
:1046D000FBF7C2FF001B0328F6D3032001B0F0BD97
:1046E000002001B0F0BD000070B544F20806044699
:1046F000C5F600064FF65F70C0F20300716821F046
:10470000400171603168890612D42168C860FBF7E6
:10471000A3FF05462068C068800625D4FBF79CFFF0
:10472000401BB0F57A7FF5D9032084F8210070BDD5
:10473000316821F0200131602168C860FBF78CFFEF
:10474000054600BF2068C06880060FD4FBF784FFD1
:10475000401BB0F57A7FF5D9032084F82100316839
:1047600041F02001316070BD002070BD0020316833
:1047700041F02001316070BD016840F26F32D1F824
:1047800014C08B6943F008038B618B6943F01003FD
:104790008B610B6823F001030B600B6923EA0202B3
:1047A0000A618A6822F440428A6090F881305FEAA8
:1047B0008C620BD5042B09D0D0F8842042F0800203
:1047C000C0F884208A6942F020028A6190F8813022
:1047D0005FEA4C620BD5032B09D0D0F8842042F05D
:1047E0000402C0F884208A6942F040028A615FEACC
:1047F0008C5208D45FEACC5212D40021A0F8621087
:10480000A0F86A107047D0F8842042F00102C0F886
:1048100084208A6942F400728A615FEACC52ECD546
:10482000D0F8842042F00802C0F884208A6942F45B
:1048300080728A610021A0F86210A0F86A107047A7
:1048400000207047000000002DE9F04182B00546CD
:10485000002005F120048DF807000DF10702132157
:104860000023204601F000FC8046E86980470746A7
:10487000E8698047C01B0A28FAD30DF107022821F6
:104880000023204601F0F0FB0746E8698047064612
:10489000E8698047801B0A28FAD30DF10705362105
:1048A000002320462A4607EB080601F0DDFB40F214
:1048B000C8014DF2E433C2F20041C0F600030644E1
:1048C00020468A68097B03EBC20200292946526808
:1048D00008BF42F008028DF80720012201F0C0FB5A
:1048E0004042301A18BF4FF0FF3002B0BDE8F081EF
:1048F0002DE9F04182B00546002005F120048DF835
:1049000007000DF1070213210023204601F0ACFB44
:104910008046E86980470746E8698047C01B0A2847
:10492000FAD30DF1070229210023204601F09CFB58
:104930000746E86980470646E8698047801B0A28E1
:10494000FAD30DF107053621002320462A4607EB4E
:10495000080601F089FB40F2C8014DF2E433C2F2CF
:104960000041C0F60003064420468A68097B03EB39
:10497000C20200292946526808BF42F008028DF899
:104980000720012201F06CFB4042301A18BF4FF0A3
:10499000FF3002B0BDE8F0812DE9F04F83B040F266
:1049A000C8090446C2F200490F46D3F816101E4645
:1049B000D9F80400D3F802B0801AD3F80AA0451A37
:1049C000D3F812300091204639462A4600F04CFEBA
:1049D00028B14FF0FF35284603B0BDE8F08FD9F875
:1049E00008004DF2E432C0F6000299F80C1004F110
:1049F0002008012352F83000002908BF40F00800C9
:104A00000DF1090236218DF80900404601F02CFB1A
:104A100028B14FF0FF35284603B0BDE8F08F20469F
:104A200039462A4600F0A8FD28B14FF0FF35284648
:104A300003B0BDE8F08FABEB0A07564400250DF13B
:104A40000A0A00BF70190222514640788DF80A0008
:104A5000705D8DF80B00404601F002FB20B9023575
:104A6000BD42EFD3002601E04FF0FF364DF2E432B5
:104A7000D9F80800C0F6000299F80C1002EBC0004B
:104A80000DF1090200294FF0360140684FF0010393
:104A900008BF40F008008DF80900404601F0E4FA34
:104AA00000284FF0FF3596D1D9E9003000210022CF
:104AB0000090204600F0D8FD002808BF3546284663
:104AC00003B0BDE8F08F0000F0B581B01C4640F2A5
:104AD000C803C2F2004366181B689E4203D807460B
:104AE00000F04AFD18B14FF0FF3001B0F0BDACB39B
:104AF000621E0698032A40F2D8024FEA102104F001
:104B0000030CC2F2004201D2002310E0ACEB04051A
:104B1000002300BFD618D154043503F10803707088
:104B2000B170F07031717071B171F071F2D1BCF18E
:104B3000000F13D043F00106BCF1010FD154905582
:104B40000CD09E1CBCF1020F46F00105915550554A
:104B500004D0043343F00106D154905540F2D801FB
:104B600007F120006200C2F2004101F079FA00284A
:104B700018BF4FF0FF3001B0F0BD00000000000092
:104B80002DE9F04F81B040F2C80B1446C2F2004B41
:104B90009F18DBF8042097420ED89BB306460A986C
:104BA00007020D46DBF8001047EA102AA942ADF8CB
:104BB00002A088BFA24204D84FF0FF3001B0BDE888
:104BC000F08F06F120095F1E0DF1020830462946DC
:104BD000224600F0D1FC0028EED102224846414690
:104BE00001F03EFA0028E7D167B1DBF80000ADF82C
:104BF00002A0A842DBF80400DED90134013FA04244
:104C0000E4D8D9E7002001B0BDE8F08F0000000033
:104C10002DE9F04F87B040F2C807109CC2F2004760
:104C2000661802913D680390AE4207D8DDF84480D3
:104C3000934608EB02007A68904204D94FF0FF30A7
:104C400007B0BDE8F08FB8F1000F7CD0002C039FB7
:104C500007F1200005904FEA4400049077D0601ED1
:104C600004F0030124F0030940F258341E46019079
:104C70004FF0000AC2F200440020029D00910EE0B5
:104C8000023605982146049A01F0EAF900280698B0
:104C900018BF4FF0FF300AF1010AC2457CD00690E0
:104CA0000AEB0B023846294600F066FC30B14FF0A3
:104CB000FF300AF1010AC245F1D16DE001980328E5
:104CC00003D20020009B2BBBDBE70021002000BFAC
:104CD00006EB400216F8103004F8103063185778CD
:104CE00004EB40055F70043097788145AF7001F1A7
:104CF0000801D778DF7017792F7157795F7197792D
:104D0000AF71D279DA71E3D10E44DDE90257009B2D
:104D1000002BB6D03178420004F81010511C727884
:104D2000012B6254ACD004EB4000B178022B8170AF
:104D3000F178C17001D10436A3E73179017171793D
:104D4000063641719DE7002007B0BDE8F08F40F2C4
:104D500058340020C2F20044029D0EE0059821461E
:104D6000049A01F07DF90028304618BF4FF0FF305B
:104D7000B8F101080BF1010B0ED006463846294662
:104D80005A4600F0F9FB0028E8D04FF0FF30B8F1A8
:104D900001080BF1010BF0D107B0BDE8F08F000066
:104DA0002DE9F04F87B0109D002D00F0968014463D
:104DB0000F460646002B03EB0100069006F120008B
:104DC00005904FEA4300049069D0CDE90267DDF811
:104DD000448040F2D8074FEA182903F0030B23F070
:104DE000030A0026C2F20047581E019040F2C80094
:104DF0000699C2F200400068814272D8DDE90201E2
:104E0000224600F0B9FB00286BD10198032801D29B
:104E100000201BE000206FF0040100BF7A1807EBB0
:104E2000400307F810900430824501F1080182F830
:104E3000068083F8029082F8088083F8049082F854
:104E40000A8083F8069082F80C80E7D1BBF1000F4E
:104E50001AD04100BBF1010F01F1010207F81090D7
:104E600007F8028010D007EB4000BBF1020F80F87A
:104E7000029080F8038007D0081D40F0010107F878
:104E8000009007F8018000BF05983946049A01F0A8
:104E9000E7F830BB01360134AE42A7D11DE040F245
:104EA000C80940F2D808C2F20049C2F2004800BF67
:104EB000D9F800000699814213D830463946224677
:104EC00000F05AFB68B905984146049A01F0C8F809
:104ED00038B9013D04F10104EAD1002007B0BDE872
:104EE000F08F4FF0FF3007B0BDE8F08F00000000FA
:104EF0004FF0FF307047000040F2C8020020C2F2BD
:104F0000004292680A607047F0B581B01C460546C1
:104F100000F032FB20350DF1010706462E21284610
:104F20003A4601F095F8064401222846394601F038
:104F300093F806440DF103010122284601F08CF894
:104F400006440DF102010122284601F085F89DF882
:104F5000021040429DF80320301A18BF4FF0FF3076
:104F600042EA0121216001B0F0BD00000000000014
:104F700040F2C8020020C2F2004212680A60704784
:104F800040F2C8020020C2F2004252680A60704734
:104F90002DE9F04F83B000280092029100F0798251
:104FA0000446002004F120068DF807000DF10702E9
:104FB00001210023304601F057F8E069804705469B
:104FC000E0698047401B7828FAD300208DF807005D
:104FD0000DF1070201210023304601F045F8074694
:104FE000E0698047054600BFE0698047401B78289C
:104FF000FAD30DF1070500208DF8070011210123D8
:1050000030462A464FF0010801F02EF80744B1213E
:10501000002330462A4601F027F807440122304693
:1050200029468DF807804FF0010B01F019F807446D
:105030002C208DF807000122304629464FF02C081D
:1050400001F00EF807442D208DF8070001223046AC
:1050500029464FF02D0A01F003F80744B22101233D
:1050600030462A468DF807B04FF0010900F0FCFFEA
:1050700007440122304629468DF807804FF02C0B5B
:1050800000F0EEFF07440122304629468DF807A0C4
:105090004FF02D0800F0E4FF0744B3210123304610
:1050A0002A468DF807904FF0010900F0DDFF074414
:1050B0000122304629468DF807B04FF02C0A00F047
:1050C000CFFF07440122304629468DF807804FF074
:1050D0002D0800F0C5FF07440122304629468DF80F
:1050E000079000F0BDFF07440122304629468DF8A5
:1050F00007A000F0B5FF07440122304629468DF88D
:10510000078000F0ADFF074407208DF80700B421A9
:10511000012330462A4600F0A7FF0744A2208DF85D
:105120000700C021012330462A4600F09DFF0744B6
:1051300002208DF807000122304629464FF0020870
:1051400000F08EFF074484208DF8070001223046CE
:10515000294600F085FF0744C5208DF80700C121CE
:10516000012330462A4600F07FFF07440A208DF8CD
:105170000700C221012330462A4600F075FF07448C
:105180000122304629464FF000098DF8079000F0C3
:1051900067FF0744C321012330462A464FF08A0A9D
:1051A0008DF807A000F060FF07442A208DF8070063
:1051B00001223046294600F053FF0744C421012351
:1051C00030462A468DF807A000F04EFF0744EE2037
:1051D0008DF8070001223046294600F041FF0744C0
:1051E0000E208DF80700C521012330462A4600F025
:1051F0003BFFDDF800B02021074400239BF80C2082
:105200003046002A2A4608BF212100F02DFF07441E
:1052100002AA3A210123304600F026FF0744E0218C
:10522000012330462A468DF8078000F01DFF074411
:105230001C208DF8070001223046294600F010FF9F
:10524000074407208DF8070001223046294600F068
:1052500007FF074412208DF8070001223046294637
:1052600000F0FEFE074437208DF80700012230468B
:10527000294600F0F5FE074432208DF80700012290
:105280003046294600F0ECFE07440122304629460C
:105290004FF0290A8DF807A000F0E2FE07442D2008
:1052A0008DF8070001223046294600F0D9FE074458
:1052B0000122304629468DF807A000F0D1FE0744B0
:1052C00025208DF8070001223046294600F0C8FE4F
:1052D00007442B208DF8070001223046294600F0B4
:1052E000BFFE074439208DF80700012230462946C9
:1052F00000F0B6FE07440122304629468DF807909B
:1053000000F0AEFE074401208DF807000122304670
:10531000294600F0A5FE07440122304629464FF0F9
:1053200003088DF8078000F09BFE074401223046F9
:1053300029464FF010098DF8079000F091FE0744C0
:10534000E121012330462A468DF8078000F08CFECB
:1053500007441D208DF8070001223046294600F041
:105360007FFE074407208DF80700012230462946BA
:1053700000F076FE074406208DF807000122304633
:10538000294600F06DFE07440122304629464FF0C1
:105390002E088DF8078000F063FE07442C208DF85E
:1053A000070001223046294600F05AFE0744012238
:1053B000304629468DF807A000F052FE07442D2004
:1053C0008DF8070001223046294600F049FE0744C7
:1053D0000122304629468DF8078000F041FE07443F
:1053E0000122304629468DF807804FF0000800F072
:1053F00037FE074437208DF8070001223046294642
:1054000000F02EFE07443F208DF8070001223046B1
:10541000294600F025FE07440122304629468DF832
:10542000078000F01DFE07440122304629468DF812
:10543000078000F015FE074402208DF807000122C6
:105440003046294600F00CFE07440122304629462A
:105450008DF8079000F004FE074413210123304625
:105460002A468DF8078000F0FFFD0744292101231B
:1054700030462A4600F0F8FD3D182046594600F017
:105480008FF9C54218BF4FF0FF38404603B0BDE862
:10549000F08F4FF0FF38404603B0BDE8F08F0000BA
:1054A00070B582B000F120050DF105060C46DA2139
:1054B0002846324600F0CCFD58B9721CDB21284644
:1054C00000F0C6FD28B9B21CDC21284600F0C0FD62
:1054D00018B14FF0FF3002B070BDBDF806009DF866
:1054E0000510000400BA40EA01402060002002B02C
:1054F00070BD00000000000003690846114618470F
:10550000836908461146184740B3D1E900C3C0E992
:1055100000C30B89CA6803810B69C0E903234A6988
:1055200042618A69C969C16145F2F941C0F6000169
:10553000416245F6A901BCF1000FC0F6000101620D
:1055400045F269518261C0F60001816245F2015164
:105550000063C0F60001C16200D060474FF0FF3029
:1055600070470000000000004369084611461847D4
:105570004FF0FF30704700002DE9F04182B040F25B
:10558000C8039046C2F200430D469E685F7B012E21
:1055900005D8012F0AD1197BD1B118351FE0012F91
:1055A0000DD1197BC1B108F1180818E0022F16D1EE
:1055B000197B012904BF023508F101080FE0022F11
:1055C0000DD1197B012904BF013508F1020806E05D
:1055D0001A3508F1010802E0013508F11A0800F156
:1055E00020060DF107072A21002330463A4600F035
:1055F0003BFD0446280A8DF8070001223046394653
:1056000000F02EFD04440122304639468DF8075043
:1056100000F026FD04442B21002330463A4600F0DA
:1056200023FD04444FEA18208DF80700012230467C
:10563000394600F015FD04440122304639468DF804
:10564000078000F00DFD04442C21002330463A462B
:1056500000F00AFD4042201A18BF4FF0FF3002B0A0
:10566000BDE8F081000000002DE9F04782B040F273
:10567000C8079846C2F200479146DDF828A0BE68E8
:105680007D7B012E0E4605D8012D0BD1397BD9B17A
:1056900018361FE0012D0ED1397B0136C1B109F159
:1056A000180917E0022D15D1397B012904BF0236F4
:1056B00009F101090EE0022D0CD1397B012904BF4B
:1056C000013609F1020905E01A3609F1010901E084
:1056D00009F11A0900F120070DF107052A2100231D
:1056E00038462A4600F0C0FC0446300A8DF8070010
:1056F00001223846294600F0B3FC04440122384612
:1057000029468DF8076000F0ABFC08EB0601044465
:105710004E1E0122300A8DF807003846294600F057
:105720009FFC04440122384629468DF8076000F0AA
:1057300097FC04442B21002338462A4600F094FCB1
:1057400004444FEA19208DF8070001223846294603
:1057500000F086FC04440122384629468DF8079063
:1057600000F07EFC0AEB090104444E1E0122300ABF
:105770008DF807003846294600F072FC04440122E7
:10578000384629468DF8076000F06AFC4042201A2E
:1057900018BF4FF0FF3002B0BDE8F08700000000F6
:1057A000B0B582B08B684A7B40F2C805012B044635
:1057B000C2F2004508D8002A18BF022A0DD1802065
:1057C0002860A020686015E0002A18BF022A0BD1CB
:1057D000A0202860802068600CE0012A0AD15020B7
:1057E0002860A020686005E0012A03D1A02028607D
:1057F00050206860087BAB60287300216A73002228
:10580000D5E9003000902046FFF72EFFA9684DF241
:10581000E432C0F600022B7B02EBC1010546002BEF
:1058200004F1200049680DF1070208BF41F00801AA
:1058300001238DF80710362100F016FC4042281A8B
:1058400018BF4FF0FF3002B0B0BD000000000000F4
:1058500070B582B040F2C8040646C2F20044180295
:1058600040EA1320ADF8060025684FF0FF308D4266
:1058700015D96368934212D93046FFF77DFE18B1FF
:105880004FF0FF3002B070BD06F120000DF10601AF
:10589000022200F0E5FB002818BF4FF0FF3002B0F5
:1058A00070BD000000000000D0F80CC00846114692
:1058B0001A4660470000000070470000000000002A
:1058C000FAF7D2BE0000000070B59CB044F618058F
:1058D00040F22C4409A84C21C5F60205C5F6000487
:1058E000FAF7FDFC02200026CDE90766CDE9056642
:1058F000CDE90366CDE90166FAF7C2FF009620689C
:1059000020F001002060206800F00100009028686D
:1059100040F440402860286800F44040009000981F
:10592000286880045CBF28685FEA804005D4286846
:10593000800402D428688004F2D54FF6DC40CFF60C
:10594000FF70295841F002012950285800F0020048
:105950000090009800200090286840F440402860A3
:10596000286800F440400090206840F0010020606A
:10597000206800F001000090009800BF28688004B3
:105980005CBF28685FEA804005D42868800402D4A0
:1059900028688004F2D541F20004C5F60204FAF743
:1059A00093FFFAF751FE4FF6584141F20402CFF649
:1059B000FF71102390424FF00806685838BF082343
:1059C00020F0180018446850052009904FF48031E9
:1059D0000A9101210B9102210025CDE912111490A9
:1059E0006020CDE9150109A8CDE917111996CDE977
:1059F0001A55FBF7BDFE88B1082101222046FAF7AF
:105A000013FE40F2F310FAF7FFFC082100222046B3
:105A1000FAF70AFE40F2F310FAF7F6FC02A93F206B
:105A20000190032061C101A80121CDE90555CDE90F
:105A30000755FBF7E9FC88B1082101222046FAF757
:105A4000F3FD40F2F310FAF7DFFC082100222046B4
:105A5000FAF7EAFD40F2F310FAF7D6FC1CB070BD7D
:105A60004EF6885C4EF67F50CEF2000CCEF6F62055
:105A7000DCF8001041F47001CCF8001044F2004151
:105A8000C5F602010A6842F001020A6000220A61BA
:105A90000B68184008608A61CA610A628A62CA6239
:105AA0000A634A638A63CA630A644A64086820F422
:105AB0008020086041F200000A66C5F600400068D8
:105AC000B2EB507F05D148F208100121C5F2001059
:105AD00001604FF000604CF8800C7047000000003F
:105AE00010B540F6FF32C4F20002904202680FDCAB
:105AF000B0F1804F1DD040F20043C4F20003984241
:105B000017D040F60003C4F20003984211D014E00D
:105B100040F60043C4F2000398420AD040F200432A
:105B2000C4F20103984204D00023C4F20103984256
:105B300003D122F070024B681A434FF6FF7343F60D
:105B4000FF7CC4F20003C4F2010C984214DD6045EE
:105B500022DD44F20003C4F20103984234D044F63B
:105B60000003C4F2010398422ED044F20043C4F271
:105B70000103984228D02BE040F2FF73C4F20003E7
:105B8000984215DCB0F1804F1ED040F20043C4F2C1
:105B90000003984218D01BE00023C4F2010398428E
:105BA00012D040F20043C4F2010398420CD00FE03F
:105BB00040F60003C4F20003984205D040F60043CB
:105BC000C4F20003984203D122F44072CB681A4316
:105BD00022F080024C696045D1F800E08B6842EA0F
:105BE00004020260C362C0F828E014DD44F200023F
:105BF000C4F20102904219D044F60002C4F201023C
:105C0000904213D044F20042C4F2010290420DD0FF
:105C10000121416110BD0022C4F20102904205D071
:105C200040F20042C4F201029042F1D109690163DD
:105C30000121416110BD0000FEE7000000000000EE
:105C4000FAF70ABD0000000080B540F2846004212C
:105C5000C2F20040FCF794FF002080BD000000006D
:105C6000F0B581B041F200040D46C5F602048DF88E
:105C700003004FF4006100222046FAF7D5FC4FF4F0
:105C8000005100222046FAF7CFFC40F2FC560DF1FD
:105C90000301C2F20046012264233046FCF7E4FC13
:105CA00007464FF4005101222046FAF7BDFC0122BD
:105CB0004FF4FA7330462946FCF796FB05464FF43D
:105CC000006101222046FAF7AFFC6842381A18BF7B
:105CD0004FF0FF3001B0F0BD70B541F200060C4648
:105CE000C5F6020605464FF4006100223046FAF779
:105CF0009BFC40F2FC504FF4FA73A2B2C2F2004097
:105D00002946FCF771FB04464FF40061012230463E
:105D1000FAF78AFC002C18BF4FF0FF34204670BD04
:105D200070B541F200060C46C5F6020605464FF472
:105D3000006100223046FAF777FC40F2FC50642301
:105D4000A2B2C2F200402946FCF78EFC04464FF492
:105D5000006101223046FAF767FC002C18BF4FF0B3
:105D6000FF34204670BD00002DE9F04182B041F2C1
:105D700000041746C5F6020488468DF807004FF464
:105D80000061002220460025FAF74EFC4FF4005136
:105D900000222046FAF748FC40F2FC500DF10701C2
:105DA000C2F2004001226423FCF75EFC06464FF479
:105DB000005101222046FAF737FC57B140F2FC505F
:105DC0004FF4FA73BAB2C2F200404146FCF74CFC01
:105DD00006444FF4006101222046FAF725FC002E0C
:105DE000C8BF4FF0FF35284602B0BDE8F081000083
:105DF00090B04EF660740126CEF200040B96FAF7CE
:105E0000CFFC0BAD1B208DF8340028464FF0104717
:105E10000C974FF000088DF837800E964FF480767F
:105E2000ADF83560FAF78CFC40F20110ADF82C00AB
:105E300016208DF8340005208DF8370000200C97CF
:105E4000C0F201100E902846ADF83560FAF778FCE4
:105E50000420FAF7B5FC4FF6B451CFF6FF71605845
:105E6000800311D4BFF34F8FBFF36F8F44F8108CB2
:105E7000BFF34F8FBFF36F8F605840F40030605016
:105E8000BFF34F8FBFF36F8F6058C00360D44FF6DE
:105E900024600021CFF6FF70012343F6E07B215000
:105EA0004FF62060CFF6FF70BFF34F8F2058C20827
:105EB000C0F34E31C0F3C90603EBD000771E930741
:105EC000A6F1020A4FEA877900F003004FEA8A72CE
:105ED0000492F21E039203E00029A1F1010129D0EE
:105EE0000BEA4115324678B1012843EA05022260E7
:105EF0003A4609D0022849EA05022260524603D0F8
:105F0000049A2A432260039A032EE5D345EA827558
:105F1000013205F1404C85F0004E05F1804800BF8C
:105F2000043A2560C4F800C0C4F800E0C4F800805A
:105F3000F6D1D1E74FF6B451CFF6FF71BFF34F8FD3
:105F4000605840F480306050BFF34F8FBFF36F8FC5
:105F500041F20005C5F60205FAF796FBFFF7B4FC1F
:105F6000FEF7DEF8FEF73CF9FEF7CEF9FEF700FA91
:105F7000FDF7B6FE30A040F2D85640F2D06740F2AE
:105F80000008C2F200460DF1140B4FF0000A0DF1AB
:105F90002809C2F20047C2F2004827490B91416824
:105FA0000C9181680D91C1680E9100690F901FE0FE
:105FB00098F8000098F8011098F8022098F803303B
:105FC00098F8044000940BAC0194FDF751FE0821B1
:105FD00001222846FAF728FB0220FAF715FA0821D1
:105FE00000222846FAF720FB40F2F310FAF70CFAE9
:105FF000002230465946FBF79FFE002230464946B4
:10600000FBF766FE38780128D2D140F21C0087F8F1
:1060100000A0C2F20040846B98F8001098F80120AC
:1060200098F8023098F80300CDE9000A40F2900099
:10603000C2F20040A047BBE748656C6C6F20576F09
:10604000726C64000000000000000000000000000E
:106050004368006918470000D0E903301847000082
:106060008368006918470000D0F800C000696047E5
:106070000FB4084B10B504A902AA039800F01CF84D
:10608000044602A9002000F048FA204610BC5DF842
:1060900014FB00001B65000802E008C8121F08C1BD
:1060A000002AFAD170477047002001E001C1121F99
:1060B000002AFBD1704700002DE9FF4F8DB00F463D
:1060C0000546002606E025280BD0DDE90F12904793
:1060D0006D1C761C28780028F5D111B03046BDE83B
:1060E000F08F0024A246A1460122EC4900E00443BF
:1060F00015F8013F203B02FA03F00842F7D1287857
:106100002A2810D06FF02F022878A0F13001092939
:1061100014D80AEB8A0102EB410144F0020400EBBF
:10612000010A6D1CF0E701CF5FEA000A03D544F4D1
:106130000054CAF1000A44F002046D1C28782E288D
:1061400017D115F8010F44F004042A280ED06FF07F
:106150002F022878A0F1300109290AD809EB89011A
:1061600002EB410100EB01096D1CF2E757F8049BBB
:106170006D1C28786C280FD006DC4C2817D06828B6
:106180000DD06A2814D104E0742810D07A280FD1D9
:106190000DE044F400140AE044F4801401E044F4F7
:1061A00040146978814202D104F580146D1C6D1C85
:1061B0002A786E2A1FD00CDC632A31D004DC002A36
:1061C0008BD0582A11D1A3E0642A68D0692A0CD157
:1061D00065E0732A2ED004DC6F2A73D0702A04D1B4
:1061E0009BE0752A6FD0782A6ED01046DDE90F1239
:1061F0009047761C50E1C4F30250022806D00328D1
:1062000009D0042801CF09D0066045E101CFF1177C
:10621000C0E9006140E101CF06803DE106703BE14D
:1062200017F8040B8DF8000000208DF80100EB46F4
:10623000012003E057F804BB4FF0FF3061074FF037
:10624000000102D40DE008F10101884649450FDA4A
:106250008045F8DB1BF808100029F4D108E008F1AC
:10626000010188468142FADB1BF808100029F6D1AB
:10627000DDE90F23AAEB08008146214600F036F93C
:10628000304400EB080604E0DDE90F121BF8010BB7
:106290009047B8F10108F7D221464846F7E00A21B5
:1062A000C4F302534FF0000B0891022B04D001CF2E
:1062B000C117032B09D00AE0FF1D27F00707F7E8F5
:1062C000020108E032E01FE020E000B2C117042B19
:1062D00001D140B2C117031E71F1000307DA4FF07C
:1062E000000CD0EB0C006CEB01012D2302E0230528
:1062F00004D52B238DF82430012303E0E30701D0DC
:106300002023F7E7984658E00A2110E010210EE01C
:1063100010204FF0000B08900CE010214FF0000B04
:1063200044F004044FF00809089103E008214FF0FD
:10633000000B0891C4F30253022B04D001CF0021BB
:10634000032B06D006E0FF1D27F00707F7E8020140
:1063500003E080B2042B00D1C0B24FF00008230745
:106360002BD5702A07D0DDF820C08CF0100C5CEA29
:106370000B0C05D00EE040238DF82430012308E0FB
:1063800050EA010306D030238DF824308DF8252003
:1063900002239846DDF820C08CF0080C5CEA0B0C58
:1063A0000BD150EA010301D1630706D530238DF8E4
:1063B00024304FF00108A9F10109582A04D038A26D
:1063C0000B9208AA0A920BE03AA2F9E75B46089AF8
:1063D000F9F790FF0B9B9B5C0A9A521E0A9213706E
:1063E00050EA0102F2D10A98ADEB000000F1200B57
:1063F000600702D524F4803401E04FF00109D9454B
:1064000002DDA9EB0B0000E0002000EB0B01414492
:106410000890AAEB010AE00306D4DDE90F23214628
:10642000504600F063F806444FF0000908E009A95F
:1064300011F80900DDE90F12904709F10109761CF6
:10644000C145F4DBE0030CD5DDE90F2321465046BE
:1064500000F04CF8064404E0DDE90F1230209047CC
:10646000761C0899481E08900029F5DC08E00A9877
:106470000A990078491C0A91DDE90F129047761CB1
:10648000BBF10001ABF1010BF1DC21465046DDE927
:106490000F2300F019F806446D1C1BE609280100C3
:1064A000303132333435363738396162636465668A
:1064B000000000003031323334353637383941424C
:1064C00043444546000000002DE9F0410446002504
:1064D0001E461746880404D405E039462020B047FC
:1064E0006D1C641EF9D52846BDE8F0812DE9F04108
:1064F000044600251E469046C80301D5302700E01B
:106500002027880404D505E041463846B0476D1C75
:10651000641EF9D52846BDE8F0810A68531C0B605B
:106520001070704700000000010203040102030420
:1065300006070809424D48640000000000004600BC
:10654000000038000000A000000050000000010022
:1065500010000300000002640000120B0000120B88
:106560000000000000000000000000F80000E0074C
:1065700000001F00000000000000000000000000FC
:10658000000000000000000000000000000000000B
:1065900000000000000000000000000000000000FB
:1065A00000000000000000000000000000000000EB
:1065B00000000000000000000000000000000000DB
:1065C00000000000000000000000000000000000CB
:1065D00000000000000000000000000000000000BB
:1065E00000000000000000000000000000000000AB
:1065F000000000000000000000000000000000009B
:10660000000000000000000000000000000000008A
:10661000000000000000000000000000000000007A
:10662000000000000000000000000000000000006A
:10663000000000000000000000000000000000005A
:10664000000000000000000000000000000000004A
:10665000000000000000000000000000000000003A
:10666000000000000000000000000000000000002A
:10667000000000000000000000000000000000001A
:10668000000000000000000000000000000000000A
:1066900000000000000000000000000000000000FA
:1066A00000000000000000000000000000000000EA
:1066B00000000000000000000000000000000000DA
:1066C00000000000000000000000000000000000CA
:1066D00000000000000000000000000000000000BA
:1066E00000000000000000000000000000000000AA
:1066F000000000000000000000000000000000009A
:106700000000000000000000000000000000000089
:106710000000000000000000000000000000000079
:106720000000000000000000000000000000000069
:106730000000000000000000000000000000000059
:106740000000000000000000000000000000000049
:106750000000000000000000000000000000000039
:106760000000000000000000000000000000000029
:106770000000000000000000000000000000000019
:106780000000000000000000000000000000000009
:1067900000000000000000000000000000000000F9
:1067A00000000000000000000000000000000000E9
:1067B00000000000000000000000000000000000D9
:1067C00000000000000000000000000000000000C9
:1067D00000000000000000000000000000000000B9
:1067E00000000000000000000000000000000000A9
:1067F0000000000000000000000000000000000099
:106800000000000000000000000000000000000088
:106810000000000000000000000000000000000078
:106820000000000000000000000000000000000068
:106830000000000000000000000000000000000058
:106840000000000000000000000000000000000048
:106850000000000000000000000000000000000038
:106860000000000000000000000000000000000028
:106870000000000000000000000000000000000018
:106880000000000000000000000000000000000008
:1068900000000000000000000000000000000000F8
:1068A00000000000000000000000000000000000E8
:1068B00000000000000000000000000000000000D8
:1068C00000000000000000000000000000000000C8
:1068D00000000000000000000000000000000000B8
:1068E00000000000000000000000000000000000A8
:1068F0000000000000000000000000000000000098
:106900000000000000000000000000000000000087
:106910000000000000000000000000000000000077
:106920000000000000000000000000000000000067
:106930000000000000000000000000000000000057
:106940000000000000000000000000000000000047
:106950000000000000000000000000000000000037
:106960000000000000000000000000000000000027
:106970000000000000000000000000000000000017
:106980000000000000000000000000000000000007
:1069900000000000000000000000000000000000F7
:1069A00000000000000000000000000000000000E7
:1069B00000000000000000000000000000000000D7
:1069C00000000000000000000000000000000000C7
:1069D00000000000000000000000000000000000B7
:1069E00000000000000000000000000000000000A7
:1069F0000000000000000000000000000000000097
:106A00000000000000000000000000000000000086
:106A10000000000000000000000000000000000076
:106A20000000000000000000000000000000000066
:106A30000000000000000000000000000000000056
:106A40000000000000000000000000000000000046
:106A50000000000000000000000000000000000036
:106A60000000000000000000000000000000000026
:106A70000000000000000000000000000000000016
:106A80000000000000000000000000000000000006
:106A900000000000000000000000000000000000F6
:106AA00000000000000000000000000000000000E6
:106AB00000000000000000000000000000000000D6
:106AC00000000000000000000000000000000000C6
:106AD00000000000000000000000000000000000B6
:106AE00000000000000000000000000000000000A6
:106AF0000000000000000000000000000000000096
:106B00000000000000000000000000000000000085
:106B10000000000000000000000000000000000075
:106B20000000000000000000000000000000000065
:106B30000000000000000000000000000000000055
:106B40000000000000000000000000000000000045
:106B50000000000000000000000000000000000035
:106B60000000000000000000000000000000000025
:106B70000000000000000000000000000000000015
:106B80000000000000000000000000000000000005
:106B900000000000000000000000000000000000F5
:106BA00000000000000000000000000000000000E5
:106BB00000000000000000000000000000000000D5
:106BC00000000000000000000000000000000000C5
:106BD00000000000000000000000000000000000B5
:106BE00000000000000000000000000000000000A5
:106BF0000000000000000000000000000000000095
:106C00000000000000000000000000000000000084
:106C10000000000000000000000000000000000074
:106C20000000000000000000000000000000000064
:106C30000000000000000000000000000000000054
:106C40000000000000000000000000000000000044
:106C50000000000000000000000000000000000034
:106C60000000000000000000000000000000000024
:106C70000000000000000000000000000000000014
:106C80000000000000000000000000000000000004
:106C900000000000000000000000000000000000F4
:106CA00000000000000000000000000000000000E4
:106CB00000000000000000000000000000000000D4
:106CC00000000000000000000000000000000000C4
:106CD00000000000000000000000000000000000B4
:106CE00000000000000000000000000000000000A4
:106CF0000000000000000000000000000000000094
:106D00000000000000000000000000000000000083
:106D10000000000000000000000000000000000073
:106D20000000000000000000000000000000000063
:106D30000000000000000000000000000000000053
:106D40000000000000000000000000000000000043
:106D50000000000000000000000000000000000033
:106D60000000000000000000000000000000000023
:106D70000000000000000000000000000000000013
:106D80000000000000000000000000000000000003
:106D900000000000000000000000000000000000F3
:106DA00000000000000000000000000000000000E3
:106DB00000000000000000000000000000000000D3
:106DC00000000000000000000000000000000000C3
:106DD00000000000000000000000000000000000B3
:106DE00000000000000000000000000000000000A3
:106DF0000000000000000000000000000000000093
:106E00000000000000000000000000000000000082
:106E10000000000000000000000000000000000072
:106E20000000000000000000000000000000000062
:106E30000000000000000000000000000000000052
:106E40000000000000000000000000000000000042
:106E50000000000000000000000000000000000032
:106E60000000000000000000000000000000000022
:106E70000000000000000000000000000000000012
:106E80000000000000000000000000000000000002
:106E900000000000000000000000000000000000F2
:106EA00000000000000000000000000000000000E2
:106EB00000000000000000000000000000000000D2
:106EC00000000000000000000000000000000000C2
:106ED00000000000000000000000000000000000B2
:106EE00000000000000000000000000000000000A2
:106EF0000000000000000000000000000000000092
:106F00000000000000000000000000000000000081
:106F10000000000000000000000000000000000071
:106F20000000000000000000000000000000000061
:106F30000000000000000000000000000000000051
:106F40000000000000000000000000000000000041
:106F50000000000000000000000000000000000031
:106F60000000000000000000000000000000000021
:106F70000000000000000000000000000000000011
:106F80000000000000000000000000000000000001
:106F900000000000000000000000000000000000F1
:106FA00000000000000000000000000000000000E1
:106FB00000000000000000000000000000000000D1
:106FC00000000000000000000000000000000000C1
:106FD00000000000000000000000000000000000B1
:106FE00000000000000000000000000000000000A1
:106FF0000000000000000000000000000000000091
:107000000000000000000000000000000000000080
:107010000000000000000000000000000000000070
:107020000000000000000000000000000000000060
:107030000000000000000000000000000000000050
:107040000000000000000000000000000000000040
:107050000000000000000000000000000000000030
:107060000000000000000000000000000000000020
:107070000000000000000000000000000000000010
:107080000000000000000000000000000000000000
:1070900000000000000000000000000000000000F0
:1070A00000000000000000000000000000000000E0
:1070B00000000000000000000000000000000000D0
:1070C00000000000000000000000000000000000C0
:1070D00000000000000000000000000000000000B0
:1070E00000000000000000000000000000000000A0
:1070F0000000000000000000000000000000000090
:10710000000000000000000000000000000000007F
:10711000000000000000000000000000000000006F
:10712000000000000000000000000000000000005F
:10713000000000000000000000000000000000004F
:10714000000000000000000000000000000000003F
:10715000000000000000000000000000000000002F
:10716000000000000000000000000000000000001F
:10717000000000000000000000000000000000000F
:1071800000000000000000000000000000000000FF
:1071900000000000000000000000000000000000EF
:1071A00000000000000000000000000000000000DF
:1071B00000000000000000000000000000000000CF
:1071C00000000000000000000000000000000000BF
:1071D00000000000000000000000000000000000AF
:1071E000000000000000000000000000000000009F
:1071F000000000000000000000000000000000008F
:10720000000000000000000000000000000000007E
:10721000000000000000000000000000000000006E
:10722000000000000000000000000000000000005E
:10723000000000000000000000000000000000004E
:10724000000000000000000000000000000000003E
:10725000000000000000000000000000000000002E
:10726000000000000000000000000000000000001E
:10727000000000000000000000000000000000000E
:1072800000000000000000000000000000000000FE
:1072900000000000000000000000000000000000EE
:1072A00000000000000000000000000000000000DE
:1072B00000000000000000000000000000000000CE
:1072C00000000000000000000000000000000000BE
:1072D00000000000000000000000000000000000AE
:1072E000000000000000000000000000000000009E
:1072F000000000000000000000000000000000008E
:10730000000000000000000000000000000000007D
:10731000000000000000000000000000000000006D
:10732000000000000000000000000000000000005D
:10733000000000000000000000000000000000004D
:10734000000000000000000000000000000000003D
:10735000000000000000000000000000000000002D
:10736000000000000000000000000000000000001D
:10737000000000000000000000000000000000000D
:1073800000000000000000000000000000000000FD
:1073900000000000000000000000000000000000ED
:1073A00000000000000000000000000000000000DD
:1073B00000000000000000000000000000000000CD
:1073C00000000000000000000000000000000000BD
:1073D00000000000000000000000000000000000AD
:1073E000000000000000000000000000000000009D
:1073F000000000000000000000000000000000008D
:10740000000000000000000000000000000000007C
:10741000000000000000000000000000000000006C
:10742000000000000000000000000000000000005C
:10743000000000000000000000000000000000004C
:10744000000000000000000000000000000000003C
:10745000000000000000000000000000000000002C
:10746000000000000000000000000000000000001C
:10747000000000000000000000000000000000000C
:1074800000000000000000000000000000000000FC
:1074900000000000000000000000000000000000EC
:1074A00000000000000000000000000000000000DC
:1074B00000000000000000000000000000000000CC
:1074C00000000000000000000000000000000000BC
:1074D00000000000000000000000000000000000AC
:1074E00000000000000008422D6B2D6B2D6B242145
:1074F000000000000000000000000000000000008C
:10750000000000000000000000000000000000007B
:10751000000000000000000000000000000000006B
:10752000000000000000000000000000000000005B
:10753000000000000000000000000000000000004B
:10754000000000000000000000000000000000003B
:10755000000000000000000000000000000000002B
:10756000000000000000000000000000000000001B
:10757000000000000000000000000000000000000B
:1075800000000000000000000000000000000000FB
:1075900000000000000000000000000000000000EB
:1075A00000000000000000000000000000000000DB
:1075B00000000000000000000000000000000000CB
:1075C00000000000000000000000000000000000BB
:1075D00000000000000000000000000000000000AB
:1075E000000000000000000000000000000000009B
:1075F000000000000000000000000000000000008B
:10760000000000000000000000000000000000007A
:10761000000000000000000000000000000000006A
:107620000842D7BDBEF7BEF79AD69AD6BEF7FFFF7F
:107630005CE7D7BDAA520000000000000000000077
:107640000000000000003084FBDEFFFFFFFFBEF7FC
:10765000D7BD2D6B000000000000000000000842B4
:10766000D7BD5CE7FFFFFFFFBEF738C6308424219B
:107670000000AA529AD69AD69AD69AD69AD69AD66E
:107680009AD6000000000000000000000000242145
:1076900014A5FBDEFFFFFFFF5CE714A5242100001B
:1076A00075AD9AD69AD69AD69AD69AD69AD6308464
:1076B0000000000030849AD69AD69AD69AD69AD6E6
:1076C0009AD675AD00000000000000000000000028
:1076D0000000CF7B38C65CE7FFFFFFFFFBDED7BDB6
:1076E000AA5200000000000000000000000000009E
:1076F000000000000000000000000000000000008A
:107700000000000000000000000000000000000079
:107710000000000000000000000000000000000069
:107720000000000000000000000000000000000059
:107730000000000000000000000000000000000049
:107740000000000000000000000000000000000039
:10775000000000000000000000000000242175ADC2
:10776000FFFFD7BDAA520000000000002421FFFF48
:10777000FFFFFFFFFFFF38C62421000000000000CC
:1077800000000000D7BDFFFFFFFFFFFFFFFFFFFF6F
:10779000FFFFFFFF75AD000000000000CF7BFFFF83
:1077A000FFFFFFFFFFFFFFFFFFFFFFFFFFFFBEF732
:1077B00014A52D6BFFFFFFFFFFFFFFFFFFFFFFFF84
:1077C000FFFF000000000000000000003084BEF752
:1077D000FFFFFFFFFFFFFBDE14A5FBDE5CE7AA5205
:1077E0009AD6FFFFFFFFFFFFFFFFFFFFFFFF14A57C
:1077F0000000000014A5FFFFFFFFFFFFFFFFFFFFDA
:10780000FFFF9AD6000000000000000000000842C0
:107810009AD6FFFFFFFFFFFF14A500000842B294B5
:107820005CE738C6242100000000000000000000D2
:107830000000000000000000000000000000000048
:107840000000000000000000000000000000000038
:107850000000000000000000000000000000000028
:107860000000000000000000000000000000000018
:107870000000000000000000000000000000000008
:1078800000000000000000000000000000000000F8
:10789000000000000000000000002421FBDEFBDEF1
:1078A000AA52000000000000000000002D6BFFFF46
:1078B000FFFFFFFFFFFFFFFFFBDE000000000000F7
:1078C00000003084FFFFFFFFFFFFFFFFFFFFFFFF10
:1078D000B2940842FBDEB29400002421BEF7FFFF01
:1078E000FFFFFFFFFFFFFFFFBEF7242100003084F2
:1078F0005CE7BEF7FFFFFFFFFFFFFFFFFFFFFFFF9C
:10790000FFFF00000000000000003084FFFFFFFFC9
:10791000FFFFFFFFFFFF2D6B00000000B294BEF7DA
:107920005CE7FFFFFFFFFFFFFFFFFFFFFFFF14A567
:107930000000000014A5FFFFFFFFFFFFFFFFFFFF98
:10794000FFFF9AD60000000000000000AA52BEF718
:10795000FFFFFFFFFFFFFFFF14A500000000000076
:10796000000014A5FBDE2421000000000000000040
:107970000000000000000000000000000000000007
:1079800000000000000000000000000000000000F7
:1079900000000000000000000000000000000000E7
:1079A00000000000000000000000000000000000D7
:1079B00000000000000000000000000000000000C7
:1079C00000000000000000000000000000000000B7
:1079D00000000000000000000000084238C624211A
:1079E000000000000000000000000842BEF7FFFF9A
:1079F000FFFFFFFFFFFFFFFFFFFF14A500000000D8
:107A000000009AD6FFFFFFFFFFFFFFFFFFFFFFFF12
:107A10002D6B000008425CE72421CF7BFFFFFFFFB6
:107A2000FFFFFFFFFFFFFFFF9AD6000000000000EE
:107A3000000075ADFFFFFFFFFFFFFFFFFFFFFFFF30
:107A4000FFFF0000000000002D6BFFFFFFFFFFFFA6
:107A5000FFFFFFFFFFFF2D6B0000000000003084E0
:107A6000FFFFFFFFFFFFFFFFFFFFFFFFFFFF14A56B
:107A70000000000014A5FFFFFFFFFFFFFFFFFFFF57
:107A8000FFFF9AD60000000000002421BEF7FFFF90
:107A9000FFFFFFFFFFFFFFFF14A500000000000035
:107AA00000000000B2949AD6000000000000000020
:107AB00000000000000000000000000000000000C6
:107AC00000000000000000000000000000000000B6
:107AD00000000000000000000000000000000000A6
:107AE0000000000000000000000000000000000096
:107AF0000000000000000000000000000000000086
:107B00000000000000000000000000000000000075
:107B10000000000000000000000000000000000065
:107B200000000000000000002421FBDEFFFFFFFF3B
:107B3000FFFFFFFFFFFFFFFFFFFF5CE7000000000C
:107B40000000FFFFFFFFFFFFFFFFFFFFFFFFFFFF43
:107B50002D6B00000000D7BD2D6B14A5FFFFFFFFAC
:107B6000FFFFFFFFFFFFFFFF9AD6000000000000AD
:107B700000002D6BFFFFFFFFFFFFFFFFFFFFFFFF79
:107B8000FFFF0000000000005CE7FFFFFFFFFFFFBA
:107B9000FFFFFFFFFFFF2D6B000000000000000053
:107BA0009AD6FFFFFFFFFFFFFFFFFFFFFFFF14A5B8
:107BB0000000000014A5FFFFFFFFFFFFFFFFFFFF16
:107BC000FFFF9AD6000000000000D7BDFFFFFFFFB7
:107BD000FFFFFFFFFFFFFFFF14A5000000000000F4
:107BE0000000000000009AD6308400000000000071
:107BF0000000000000000000000000000000000085
:107C00000000000000000000000000000000000074
:107C10000000000000000000000000000000000064
:107C20000000000000000000000000000000000054
:107C30000000000000000000000000000000000044
:107C40000000000000000000000000000000000034
:107C50000000000000000000000000000000000024
:107C60000000000000002421FBDEFFFFFFFFFFFFFC
:107C7000FFFFFFFFFFFFFFFFFFFFFFFF0000000010
:107C80000000FFFFFFFFFFFFFFFFFFFFFFFFFFFF02
:107C90002D6B000000000000000014A5FFFFFFFF97
:107CA000FFFFFFFFFFFFFFFF9AD60000000000006C
:107CB00000002D6BFFFFFFFFFFFFFFFFFFFFFFFF38
:107CC000FFFF00000000CF7BFFFFFFFFFFFFFFFF74
:107CD000FFFFFFFFFFFF2D6B000000000000000012
:107CE0009AD6FFFFFFFFFFFFFFFFFFFFFFFF14A577
:107CF0000000000014A5FFFFFFFFFFFFFFFFFFFFD5
:107D0000FFFF9AD6000000002421FFFFFFFFFFFFC6
:107D1000FFFFFFFFFFFFFFFF14A5000000000000B2
:107D20000000000000002D6B9AD60000000000004B
:107D30000000000000000000000000000000000043
:107D40000000000000000000000000000000000033
:107D50000000000000000000000000000000000023
:107D60000000000000000000000000000000000013
:107D70000000000000000000000000000000000003
:107D800000000000000000000000000000000000F3
:107D900000000000000000000000000000000000E3
:107DA000000000002421FBDEFFFFFFFFFFFFFFFFBD
:107DB000FFFFFFFFFFFFFFFFFFFFBEF70000000018
:107DC0000000FFFFFFFFFFFFFFFFFFFFFFFFFFFFC1
:107DD0002D6B000000000000000014A5FFFFFFFF56
:107DE000FFFFFFFFFFFFFFFF9AD60000000000002B
:107DF00000002D6BFFFFFFFFFFFFFFFFFFFFFFFFF7
:107E0000FFFF0000000075ADFFFFFFFFFFFFFFFF5A
:107E1000FFFFFFFFFFFF2D6B0000000000000000D0
:107E20009AD6FFFFFFFFFFFFFFFFFFFFFFFF14A535
:107E30000000000014A5FFFFFFFFFFFFFFFFFFFF93
:107E4000FFFF9AD600000000CF7BFFFFFFFFFFFF80
:107E5000FFFFFFFFFFFFFFFF14A500000000000071
:107E60000000000000000000BEF724210000000018
:107E70000000000000000000000000000000000002
:107E800000000000000000000000000000000000F2
:107E900000000000000000000000000000000000E2
:107EA00000000000000000000000000000000000D2
:107EB00000000000000000000000000000000000C2
:107EC00000000000000000000000000000000000B2
:107ED00000000000000000000000000000000000A2
:107EE00000002421FBDEFFFFFFFFFFFFFFFFFFFF7E
:107EF000FFFFFFFFFFFFFFFFFFFFD7BD00000000F8
:107F00000000FFFFFFFFFFFFFFFFFFFFFFFFFFFF7F
:107F10002D6B000000000000000014A5FFFFFFFF14
:107F2000FFFFFFFFFFFFFFFF9AD6000000000000E9
:107F300000002D6BFFFFFFFFFFFFFFFFFFFFFFFFB5
:107F4000FFFF000000009AD6FFFFFFFFFFFFFFFFCB
:107F5000FFFFFFFFFFFF2D6B00000000000000008F
:107F60009AD6FFFFFFFFFFFFFFFFFFFFFFFF14A5F4
:107F70000000000014A5FFFFFFFFFFFFFFFFFFFF52
:107F8000FFFF9AD60000000014A5FFFFFFFFFFFFD0
:107F9000FFFFFFFFFFFFFFFF14A500000000000030
:107FA00000000000000000009AD62D6B00000000C9
:107FB00000000000000000000000000000000000C1
:107FC00000000000000000000000000000000000B1
:107FD00000000000000000000000000000000000A1
:107FE0000000000000000000000000000000000091
:107FF0000000000000000000000000000000000081
:108000000000000000000000000000000000000070
:108010000000000000000000000000000000000060
:108020000000D7BDFFFFFFFFFFFFFFFFFFFFFFFFC8
:10803000FFFFFFFFFFFFFFFFFFFF08420000000000
:108040000000FFFFFFFFFFFFFFFFFFFFFFFFFFFF3E
:108050002D6B000000000000000014A5FFFFFFFFD3
:10806000FFFFFFFFFFFFFFFF9AD6000000000000A8
:1080700000002D6BFFFFFFFFFFFFFFFFFFFFFFFF74
:10808000FFFF000000009AD6FFFFFFFFFFFFFFFF8A
:10809000FFFFFFFFFFFF2D6B00000000000000004E
:1080A0009AD6FFFFFFFFFFFFFFFFFFFFFFFF14A5B3
:1080B0000000000014A5FFFFFFFFFFFFFFFFFFFF11
:1080C000FFFF9AD60000000014A5FFFFFFFFFFFF8F
:1080D000FFFFFFFFFFFFFFFF14A5000000000000EF
:1080E00000000000000000009AD62D6B0000000088
:1080F0000000000000000000000000000000000080
:10810000000000000000000000000000000000006F
:10811000000000000000000000000000000000005F
:10812000000000000000000000000000000000004F
:10813000000000000000000000000000000000003F
:10814000000000000000000000000000000000002F
:10815000000000000000000000000000000000001F
:1081600075ADFFFFFFFFFFFFFFFFFFFFFFFFFFFFFB
:10817000FFFFFFFFFFFFFFFF14A50000000000004E
:108180000000FFFFFFFFFFFFFFFFFFFFFFFFFFFFFD
:108190002D6B000000000000000014A5FFFFFFFF92
:1081A000FFFFFFFFFFFFFFFF9AD600000000000067
:1081B00000002D6BFFFFFFFFFFFFFFFFFFFFFFFF33
:1081C000FFFF000000009AD6FFFFFFFFFFFFFFFF49
:1081D000FFFFFFFFFFFF2D6B00000000000000000D
:1081E0009AD6FFFFFFFFFFFFFFFFFFFFFFFF14A572
:1081F0000000000014A5FFFFFFFFFFFFFFFFFFFFD0
:10820000FFFF9AD600000000B294FFFFFFFFFFFFC0
:10821000FFFFFFFFFFFFFFFF14A5000000000000AD
:1082200000000000000000005CE7084200000000C1
:10823000000000000000000000000000000000003E
:10824000000000000000000000000000000000002E
:10825000000000000000000000000000000000001E
:10826000000000000000000000000000000000000E
:1082700000000000000000000000000000000000FE
:1082800000000000000000000000000000000000EE
:108290000000000000000000000000000000CF7B94
:1082A000FFFFFFFFFFFFFFFFFFFFFFFFFFFFFFFFDE
:1082B000FFFFFFFFFFFF38C60000000000000000C6
:1082C0000000FFFFFFFFFFFFFFFFFFFFFFFFFFFFBC
:1082D0002D6B000000000000000014A5FFFFFFFF51
:1082E000FFFFFFFFFFFFFFFF9AD600000000000026
:1082F00000002D6BFFFFFFFFFFFFFFFFFFFFFFFFF2
:10830000FFFF0000000014A5FFFFFFFFFFFFFFFFBE
:10831000FFFFFFFFFFFF2D6B0000000000000000CB
:108320009AD6FFFFFFFFFFFFFFFFFFFFFFFF14A530
:108330000000000014A5FFFFFFFFFFFFFFFFFFFF8E
:10834000FFFF9AD600000000AA52FFFFFFFFFFFFC9
:10835000FFFFFFFFFFFFFFFF14A50000000000006C
:108360000000000000000842BEF70000000000000E
:1083700000000000000000000000000000000000FD
:1083800000000000000000000000000000000000ED
:1083900000000000000000000000000000000000DD
:1083A00000000000000000000000000000000000CD
:1083B00000000000000000000000000000000000BD
:1083C00000000000000000000000000000000000AD
:1083D0000000000000000000000000002421BEF7A3
:1083E000FFFFFFFFFFFFFFFFFFFFFFFFFFFFFFFF9D
:1083F000FFFFFFFFFBDE2421000000000000000063
:108400000000FFFFFFFFFFFFFFFFFFFFFFFFFFFF7A
:108410002D6B000000000000000014A5FFFFFFFF0F
:10842000FFFFFFFFFFFFFFFF9AD6000000000000E4
:1084300000002D6BFFFFFFFFFFFFFFFFFFFFFFFFB0
:10844000FFFF00000000AA52FFFFFFFFFFFFFFFF3A
:10845000FFFFFFFFFFFF2D6B00000000000000008A
:108460009AD6FFFFFFFFFFFFFFFFFFFFFFFF14A5EF
:108470000000000014A5FFFFFFFFFFFFFFFFFFFF4D
:10848000FFFF9AD60000000000005CE7FFFFFFFF3F
:10849000FFFFFFFFFFFFFFFF14A50000000000002B
:1084A00000000000000014A575AD000000000000F1
:1084B00000000000000000000000000000000000BC
:1084C00000000000000000000000000000000000AC
:1084D000000000000000000000000000000000009C
:1084E000000000000000000000000000000000008C
:1084F000000000000000000000000000000000007C
:10850000000000000000000000000000000000006B
:1085100000000000000000000000000014A5FFFFA4
:10852000FFFFFFFFFFFFFFFFFFFFFFFFFFFFFFFF5B
:10853000FFFF5CE7242100000000000000000000B5
:108540000000FFFFFFFFFFFFFFFFFFFFFFFFFFFF39
:108550002D6B000000000000000014A5FFFFFFFFCE
:10856000FFFFFFFFFFFFFFFF9AD6000000000000A3
:1085700000002D6BFFFFFFFFFFFFFFFFFFFFFFFF6F
:10858000FFFF00000000000038C6FFFFFFFFFFFFF5
:10859000FFFFFFFFFFFF2D6B000000000000000049
:1085A0009AD6FFFFFFFFFFFFFFFFFFFFFFFF14A5AE
:1085B0000000000014A5FFFFFFFFFFFFFFFFFFFF0C
:1085C000FFFF9AD6000000000000CF7BFFFFFFFFF7
:1085D000FFFFFFFFFFFFFFFF14A5000000000000EA
:1085E00000000000AA525CE7242100000000000007
:1085F000000000000000000000000000000000007B
:10860000000000000000000000000000000000006A
:10861000000000000000000000000000000000005A
:10862000000000000000000000000000000000004A
:10863000000000000000000000000000000000003A
:10864000000000000000000000000000000000002A
:108650000000000000000000000000005CE7FFFFD9
:10866000FFFFFFFFFFFFFFFFFFFFFFFFFFFFFFFF1A
:10867000BEF7AA5200000000000000000000000049
:108680000000FFFFFFFFFFFFFFFFFFFFFFFFFFFFF8
:108690002D6B000000000000000014A5FFFFFFFF8D
:1086A000FFFFFFFFFFFFFFFF9AD600000000000062
:1086B00000002D6BFFFFFFFFFFFFFFFFFFFFFFFF2E
:1086C000FFFF00000000000024215CE7FFFFFFFF28
:1086D000FFFFFFFFFFFF2D6B0000000000002421C3
:1086E0005CE7FFFFFFFFFFFFFFFFFFFFFFFF14A59A
:1086F0000000000014A5FFFFFFFFFFFFFFFFFFFFCB
:10870000FFFF9AD60000000000000000D7BDFFFF69
:10871000FFFFFFFFFFFFFFFF14A5000000000000A8
:108720000000AA52BEF730840000000000000000E4
:108730000000000000000000000000000000000039
:108740000000000000000000000000000000000029
:108750000000000000000000000000000000000019
:108760000000000000000000000000000000000009
:1087700000000000000000000000000000000000F9
:1087800000000000000000000000000000000000E9
:10879000000000000000000000000000FFFFFFFFDD
:1087A000FFFFFFFFFFFFFFFFFFFFFFFFFFFFBEF722
:1087B000AA520000000000000000000000000000BD
:1087C0000000FFFFFFFFFFFFFFFFFFFFFFFFFFFFB7
:1087D0002D6B000000000000000014A5FFFFFFFF4C
:1087E000FFFFFFFFFFFFFFFF9AD600000000000021
:1087F00000002D6BFFFFFFFFFFFFFFFFFFFFFFFFED
:10880000FFFF0000000000000000AA52FBDEFFFF97
:10881000FFFFFFFFFFFF2D6B000000002D6BFBDE55
:108820005CE7FFFFFFFFFFFFFFFFFFFFFFFF14A558
:108830000000000014A5FFFFFFFFFFFFFFFFFFFF89
:10884000FFFF9AD60000000000000000000075AD98
:10885000FFFFFFFFFFFFFFFF14A500000000000067
:10886000B2945CE7308400000000000000000000CB
:1088700000000000000000000000000000000000F8
:1088800000000000000000000000000000000000E8
:1088900000000000000000000000000000000000D8
:1088A00000000000000000000000000000000000C8
:1088B00000000000000000000000000000000000B8
:1088C00000000000000000000000000000000000A8
:1088D000000000000000000000000000FFFFFFFF9C
:1088E000FFFFFFFFFFFFFFFFFFFFFFFFFFFFAA529A
:1088F00000000000000000000000000008429AD6BE
:108900009AD6FFFFFFFFFFFFFFFFFFFFFFFFFFFF05
:10891000FBDE9AD69AD63084000014A5FFFFFFFF35
:10892000FFFFFFFFFFFFFFFF9AD6000000000000DF
:1089300000002D6BFFFFFFFFFFFFFFFFFFFFFFFFAB
:10894000FFFF00000000000000000000242114A52B
:10895000BEF7FFFFFFFFFBDE14A5FBDE9AD6084241
:108960009AD6FFFFFFFFFFFFFFFFFFFFFFFF14A5EA
:108970000000000014A5FFFFFFFFFFFFFFFFFFFF48
:10898000FFFF9AD600000000000000000000000079
:108990002D6B9AD6FFFFFFFF9AD614A5D7BDBEF761
:1089A000D7BD0842000000000000000000000000E9
:1089B00000000000000000000000000000000000B7
:1089C00000000000000000000000000000000000A7
:1089D0000000000000000000000000000000000097
:1089E0000000000000000000000000000000000087
:1089F0000000000000000000000000000000000077
:108A00000000000000000000000000000000000066
:108A100000000000000000000000000038C6FFFF5A
:108A2000FFFFFFFFFFFFFFFFFFFFFFFF308400009E
:108A300000000000000000000000000024212D6B59
:108A40002D6BFFFFFFFFFFFFFFFFFFFFFFFFFFFF9C
:108A50002D6B2D6B2D6B0842000008422D6B2D6B8A
:108A60002D6B2D6B2D6B2D6BAA52000000000000AA
:108A7000000024212D6B2D6B2D6B2D6B2D6B2D6B21
:108A80002D6B00000000000000000000000000004E
:108A900000002D6B14A514A53084084200000000CE
:108AA0009AD6FFFFFFFFFFFFFFFFFFFFFFFF14A5A9
:108AB0000000000008422D6B2D6B2D6B2D6B2D6B74
:108AC0002D6BAA5200000000000000000000000012
:108AD000000000000842308414A514A5CF7B242197
:108AE0000000000000000000000000000000000086
:108AF0000000000000000000000000000000000076
:108B00000000000000000000000000000000000065
:108B10000000000000000000000000000000000055
:108B20000000000000000000000000000000000045
:108B30000000000000000000000000000000000035
:108B40000000000000000000000000000000000025
:108B5000000000000000000000000000AA52FFFF1B
:108B6000FFFFFFFFFFFFFFFFFFFF14A50000000056
:108B7000000000000000AA52AA52000000000000FD
:108B80000000FFFFFFFFFFFFFFFFFFFFFFFFFFFFF3
:108B90002421000000000000000000000000000090
:108BA00000000000000000000000000000000000C5
:108BB00000000000000000000000000000000000B5
:108BC00000000000000000000000000000000000A5
:108BD0000000000000000000000000000000000095
:108BE0009AD6FFFFFFFFFFFFFFFFFFFFFFFF14A568
:108BF0000000000000002421308414A514A5308456
:108C0000084200000000000000000000000000001A
:108C10000000000000000000000000000000000054
:108C20000000000000000000000000000000000044
:108C30000000000000000000000000000000000034
:108C40000000000000000000000000000000000024
:108C50000000000000000000000000000000000014
:108C60000000000000000000000000000000000004
:108C700000000000000000000000000000000000F4
:108C800000000000000000000000000000000000E4
:108C90000000000000000000000000000000308420
:108CA000FFFFFFFFFFFFFFFFFFFF24210000000089
:108CB00000000000B294FFFF2D6B000000000000D8
:108CC0000000084214A55CE7FFFFFFFFFFFFFFFF66
:108CD0002D6B0000000000000000000000000000FC
:108CE0000000000000000000000000000000000084
:108CF0000000000000000000000000000000000074
:108D00000000000000000000000000000000000063
:108D10000000000000000000000000000000000053
:108D20009AD6FFFFFFFFFFFFFFFFFFFFFFFF14A526
:108D3000000000000842BEF7FFFFFFFFFFFFFFFF3C
:108D4000BEF7CF7B00000000000000000000000024
:108D50000000000000000000000000000000000013
:108D60000000000000000000000000000000000003
:108D700000000000000000000000000000000000F3
:108D800000000000000000000000000000000000E3
:108D900000000000000000000000000000000000D3
:108DA00000000000000000000000000000000000C3
:108DB00000000000000000000000000000000000B3
:108DC00000000000000000000000000000000000A3
:108DD0000000000000000000000000000000000093
:108DE000AA529AD6FFFFFFFFFFFF14A52D6B2D6B34
:108DF00075AD5CE79AD6AA520000000000000000A2
:108E0000000000000000000030845CE7FFFFFFFF6F
:108E10002D6B0000000000000000000000000000BA
:108E20000000000000000000000000000000000042
:108E30000000000000000000000000000000000032
:108E40000000000000000000000000000000000022
:108E50000000000000000000000000000000000012
:108E60009AD6FFFFFFFFFFFFFFFFFFFFFFFF14A5E5
:108E70000000000014A5FFFFFFFFFFFFFFFFFFFF43
:108E8000FFFF9AD600000000000000000000000074
:108E900000000000000000000000000000000000D2
:108EA00000000000000000000000000000000000C2
:108EB00000000000000000000000000000000000B2
:108EC00000000000000000000000000000000000A2
:108ED0000000000000000000000000000000000092
:108EE0000000000000000000000000000000000082
:108EF0000000000000000000000000000000000072
:108F00000000000000000000000000000000000061
:108F10000000000000000000000000000000000051
:108F2000000000000842B294D7BD9AD69AD638C63F
:108F300014A5AA520000000000000000000000007C
:108F400000000000000000000000000030845CE72A
:108F50002D6B000000000000000000000000000079
:108F60000000000000000000000000000000000001
:108F700000000000000000000000000000000000F1
:108F800000000000000000000000000000000000E1
:108F900000000000000000000000000000000000D1
:108FA000AA522D6B2D6B2D6B2D6B2D6B2D6B0842EB
:108FB000000000002D6BFFFFFFFFFFFFFFFFFFFF23
:108FC000FFFF14A5000000000000000000000000EA
:108FD0000000000000000000000000000000000091
:108FE0000000000000000000000000000000000081
:108FF0000000000000000000000000000000000071
:109000000000000000000000000000000000000060
:109010000000000000000000000000000000000050
:109020000000000000000000000000000000000040
:109030000000000000000000000000000000000030
:109040000000000000000000000000000000000020
:109050000000000000000000000000000000000010
:109060000000000000000000000000000000000000
:1090700000000000000000000000000000000000F0
:10908000000000000000000000000000000024219B
:10909000242100000000000000000000000000008B
:1090A00000000000000000000000000000000000C0
:1090B00000000000000000000000000000000000B0
:1090C00000000000000000000000000000000000A0
:1090D0000000000000000000000000000000000090
:1090E0000000000000000000000000000000000080
:1090F0000000000000002D6BD7BD9AD69AD638C666
:1091000030840000000000000000000000000000AB
:10911000000000000000000000000000000000004F
:10912000000000000000000000000000000000003F
:10913000000000000000000000000000000000002F
:10914000000000000000000000000000000000001F
:10915000000000000000000000000000000000000F
:1091600000000000000000000000000000000000FF
:1091700000000000000000000000000000000000EF
:1091800000000000000000000000000000000000DF
:1091900000000000000000000000000000000000CF
:1091A00000000000000000000000000000000000BF
:1091B00000000000000000000000000000000000AF
:1091C000000000000000000000000000000000009F
:1091D000000000000000000000000000000000008F
:1091E000000000000000000000000000000000007F
:1091F000000000000000000000000000000000006F
:10920000000000000000000000000000000000005E
:10921000000000000000000000000000000000004E
:10922000000000000000000000000000000000003E
:10923000000000000000000000000000000000002E
:10924000000000000000000000000000000000001E
:10925000000000000000000000000000000000000E
:1092600000000000000000000000000000000000FE
:1092700000000000000000000000000000000000EE
:1092800000000000000000000000000000000000DE
:1092900000000000000000000000000000000000CE
:1092A00000000000000000000000000000000000BE
:1092B00000000000000000000000000000000000AE
:1092C000000000000000000000000000000000009E
:1092D000000000000000000000000000000000008E
:1092E000000000000000000000000000000000007E
:1092F000000000000000000000000000000000006E
:10930000000000000000000000000000000000005D
:10931000000000000000000000000000000000004D
:10932000000000000000000000000000000000003D
:10933000000000000000000000000000000000002D
:10934000000000000000000000000000000000001D
:10935000000000000000000000000000000000000D
:1093600000000000000000000000000000000000FD
:1093700000000000000000000000000000000000ED
:1093800000000000000000000000000000000000DD
:1093900000000000000000000000000000000000CD
:1093A00000000000000000000000000000000000BD
:1093B00000000000000000000000000000000000AD
:1093C000000000000000000000000000000000009D
:1093D000000000000000000000000000000000008D
:1093E000000000000000000000000000000000007D
:1093F000000000000000000000000000000000006D
:10940000000000000000000000000000000000005C
:10941000000000000000000000000000000000004C
:10942000000000000000000000000000000000003C
:10943000000000000000000000000000000000002C
:10944000000000000000000000000000000000001C
:10945000000000000000000000000000000000000C
:1094600000000000000000000000000000000000FC
:1094700000000000000000000000000000000000EC
:1094800000000000000000000000000000000000DC
:1094900000000000000000000000000000000000CC
:1094A00000000000000000000000000000000000BC
:1094B00000000000000000000000000000000000AC
:1094C000000000000000000000000000000000009C
:1094D000000000000000000000000000000000008C
:1094E000000000000000000000000000000000007C
:1094F000000000000000000000000000000000006C
:10950000000000000000000000000000000000005B
:10951000000000000000000000000000000000004B
:10952000000000000000000000000000000000003B
:10953000000000000000000000000000000000002B
:10954000000000000000000000000000000000001B
:10955000000000000000000000000000000000000B
:1095600000000000000000000000000000000000FB
:1095700000000000000000000000000000000000EB
:1095800000000000000000000000000000000000DB
:1095900000000000000000000000000000000000CB
:1095A00000000000000000000000000000000000BB
:1095B00000000000000000000000000000000000AB
:1095C000000000000000000000000000000000009B
:1095D000000000000000000000000000000000008B
:1095E000000000000000000000000000000000007B
:1095F000000000000000000000000000000000006B
:10960000000000000000000000000000000000005A
:10961000000000000000000000000000000000004A
:10962000000000000000000000000000000000003A
:10963000000000000000000000000000000000002A
:10964000000000000000000000000000000000001A
:1096500000000000242100000000000000000000C5
:1096600000000000000000000000000000002421B5
:1096700000000000000000000000000000000000EA
:1096800000000000000000000000000000000000DA
:1096900000000000000000000000000000000000CA
:1096A00000000000000000000000000000000000BA
:1096B00000000000000000000000000000000000AA
:1096C000000000000000000000000000000000009A
:1096D000000000000000000000000000000000008A
:1096E000000000000000000000000000000000007A
:1096F000000000000000000000000000000000006A
:109700000000000000000000000000000000000059
:109710000000000000000000000000000000000049
:109720000000000000000000000000000000000039
:109730000000000000000000000000000000000029
:109740000000000000000000000000000000000019
:109750000000000000000000000000000000000009
:1097600000000000000000000000000000000000F9
:1097700000000000000000000000000000000000E9
:1097800000000000000000000000000000000000D9
:1097900000000000D7BD0000000000000000000035
:1097A000000000000000000000000000242138C676
:1097B00000000000000000000000000000000000A9
:1097C0000000000000000000000000000000000099
:1097D0000000000000000000000000000000000089
:1097E00000000000AA52000000000000000000007D
:1097F0000000000000000000000000000000000069
:109800000000000000000000000000000000000058
:109810000000000000000000000000000000000048
:109820000000000000000000000000000000000038
:109830000000000000000000000000000000000028
:109840000000000000000000000000000000000018
:109850000000000000000000000000000000000008
:1098600000000000000000000000000000000000F8
:1098700000000000000000000000000000000000E8
:1098800000000000000000000000000000000000D8
:1098900000000000000000000000000000000000C8
:1098A00000000000000000000000000000000000B8
:1098B00000000000000000000000000000000000A8
:1098C0000000000000000000000000000000000098
:1098D0000000CF7BFFFF2D6B0000000000000000A8
:1098E00000000000000000000000000014A5FFFFC1
:1098F000084200000000000000000000000000001E
:1099000000000000000000000000084275ADFBDE12
:10991000FFFFFFFFBEF738C630842421000000009F
:10992000000000005CE7CF7B0000000000000000AA
:1099300000000000000000000000000000000842DD
:109940009AD69AD69AD69AD69AD69AD69AD69AD697
:109950009AD69AD62421000000000000000030842E
:1099600038C65CE7FFFFFFFF5CE7D7BD2D6B00004B
:10997000000000000000000000000000242114A5E9
:109980005CE7FFFFFFFF5CE775AD084200000000E9
:1099900000000000000000000000000000000000C7
:1099A00000000000000000000000000000000000B7
:1099B00000000000000000000000000000000000A7
:1099C0000000000000000000000000000000000097
:1099D0000000000000000000000000000000000087
:1099E0000000000000000000000000000000000077
:1099F0000000000000000000000000000000000067
:109A00000000000000000000000000000000000056
:109A1000000038C6FFFF5CE7000000000000000007
:109A2000000000000000000000000842FFFFFFFFF0
:109A3000D7BD000000000000000000000000000092
:109A4000000000000000000014A5FFFFFFFFBEF7AC
:109A5000AA5200002421CF7B9AD6BEF7B294000010
:109A60000000000030845CE72421000000000000BA
:109A70000000000000000000000000000000D7BD52
:109A8000FFFFFFFFFFFFFFFFFFFFFFFFFFFFFFFFE6
:109A9000FFFF14A5000000000000AA52FBDEFFFF3C
:109AA000FFFFFFFF38C600002421CF7B9AD69AD64D
:109AB000084200000000000000002421FBDEFFFF40
:109AC000FFFFFFFFFFFFFFFFFFFFBEF73084000037
:109AD0000000000000000000000000000000000086
:109AE0000000000000000000000000000000000076
:109AF0000000000000000000000000000000000066
:109B00000000000000000000000000000000000055
:109B10000000000000000000000000000000000045
:109B20000000000000000000000000000000000035
:109B30000000000000000000000000000000000025
:109B40000000000000000000000000000000000015
:109B50000842FFFFFFFFFFFF30840000000000000D
:109B600000000000000000000000D7BDFFFFFFFF65
:109B7000FFFF2421000000000000000000000000A2
:109B8000000000000000D7BDFFFFFFFFFFFF9AD6D7
:109B9000000000000000000000002D6BBEF738C67A
:109BA0002421000000009AD6D7BD2D6B2D6B2D6BA4
:109BB0002D6B2D6B2D6B2D6B2D6B2D6B3084FFFF63
:109BC000FFFFFFFFFFFFFFFFFFFFFFFFFFFFFFFFA5
:109BD000BEF7242100000000AA52BEF7FFFFFFFFDE
:109BE000FFFFFFFF14A50000000000000000CF7B76
:109BF0005CE7AA52000000000000D7BDFFFFFFFF96
:109C0000FFFFFFFFFFFFFFFFAA522D6BBEF7AA5217
:109C10000000000000000000000000000000000044
:109C20000000000000000000000000000000000034
:109C30000000000000000000000000000000000024
:109C40000000000000000000000000000000000014
:109C50000000000000000000000000000000000004
:109C600000000000000000000000000000000000F4
:109C700000000000000000000000000000000000E4
:109C800000000000000000000000000000000000D4
:109C900014A5FFFFFFFFFFFFBEF724210000000017
:109CA00000000000000000000842FFFFFFFFFFFF70
:109CB000FFFF14A5000000000000000000000000ED
:109CC0000000000014A5FFFFFFFFFFFFFFFF9AD673
:109CD0000000000000000000000000002421FBDE66
:109CE0009AD6000000002D6BFFFFFBDE9AD69AD6B5
:109CF0009AD69AD69AD69AD69AD69AD6BEF7FFFF11
:109D0000FFFFFFFFFFFFFFFFFFFFFFFFFFFFFFFF63
:109D1000B294000000002421BEF7FFFFFFFFFFFF09
:109D2000FFFFFFFF14A5000000000000000000007E
:109D3000AA525CE7AA5200000000FFFFFFFFFFFFEE
:109D4000FFFFFFFFFFFFFFFF00000000CF7B9AD661
:109D50000000000000000000000000000000000003
:109D600000000000000000000000000000000000F3
:109D700000000000000000000000000000000000E3
:109D800000000000000000000000000000000000D3
:109D900000000000000000000000000000000000C3
:109DA00000000000000000000000000000000000B3
:109DB00000000000000000000000000000000000A3
:109DC0000000000000000000000000000000000093
:109DD0005CE7FFFFFFFFFFFFFFFF14A5000000008F
:109DE0000000000000000000D7BDFFFFFFFFFFFFE5
:109DF000FFFFBEF7000000000000000000000000B0
:109E000000000842FFFFFFFFFFFFFFFFFFFF9AD6A2
:109E10000000000000000000000000000000AA5246
:109E2000BEF7AA5200000000D7BDD7BD0000000059
:109E300000000000000000000000AA52FFFFFFFF2A
:109E4000FFFFFFFFFFFFFFFFFFFFFFFFFFFF5CE7DD
:109E5000000000000000D7BDFFFFFFFFFFFFFFFF76
:109E6000FFFFFFFF14A5000000000000000000003D
:109E70000000B29438C600002D6BFFFFFFFFFFFF0C
:109E8000FFFFFFFFFFFFFFFF0000000000005CE797
:109E900000000000000000000000000000000000C2
:109EA00000000000000000000000000000000000B2
:109EB00000000000000000000000000000000000A2
:109EC0000000000000000000000000000000000092
:109ED0000000000000000000000000000000000082
:109EE0000000000000000000000000000000000072
:109EF0000000000000000000000000000000000062
:109F00000000000000000000000000000000CF7B07
:109F1000FFFFFFFFFFFFFFFFFFFFBEF72421000051
:109F20000000000000002D6BFFFFFFFFFFFFFFFFA1
:109F3000FFFFFFFF30840000000000000000000071
:109F4000000014A5FFFFFFFFFFFFFFFFFFFF9AD6F2
:109F50000000000000000000000000000000000001
:109F600008420000000000002421BEF7AA520000B1
:109F7000000000000000000000009AD6FFFFFFFF75
:109F8000FFFFFFFFFFFFFFFFFFFFFFFFFFFFCF7B95
:109F9000000000002421FFFFFFFFFFFFFFFFFFFF86
:109FA000FFFFFFFF14A500000000000000000000FC
:109FB00000000000084200002D6BFFFFFFFFFFFFC5
:109FC000FFFFFFFFFFFFFFFF000000000000000099
:109FD0000000000000000000000000000000000081
:109FE0000000000000000000000000000000000071
:109FF0000000000000000000000000000000000061
:10A000000000000000000000000000000000000050
:10A010000000000000000000000000000000000040
:10A020000000000000000000000000000000000030
:10A030000000000000000000000000000000000020
:10A0400000000000000000000000000000009AD6A0
:10A05000FFFFFFFFFFFFFFFFFFFFFFFFD7BD000078
:10A060000000000000009AD6FFFFFFFFFFFFFFFF88
:10A07000FFFFFFFF5CE700000000000000000000A1
:10A080000000FBDEFFFFFFFFFFFFFFFFFFFF9AD691
:10A0900000000000000000000000000000000000C0
:10A0A00000000000000000000000B2949AD60000FA
:10A0B00000000000000000002D6BFFFFFFFFFFFF0E
:10A0C000FFFFFFFFFFFFFFFFFFFFFFFF9AD600002C
:10A0D00000000000CF7BFFFFFFFFFFFFFFFFFFFF40
:10A0E000FFFFFFFF14A500000000000000000000BB
:10A0F00000000000000000002D6BFFFFFFFFFFFFCE
:10A10000FFFFFFFFFFFFFFFF000000000000000057
:10A11000000000000000000000000000000000003F
:10A12000000000000000000000000000000000002F
:10A13000000000000000000000000000000000001F
:10A14000000000000000000000000000000000000F
:10A1500000000000000000000000000000000000FF
:10A1600000000000000000000000000000000000EF
:10A1700000000000000000000000000000000000DF
:10A180000000000000000000000000000842FFFF87
:10A19000FFFFFFFFFFFFFFFFFFFFFFFFFFFF084283
:10A1A000000000002D6BFFFFFFFFFFFFFFFFFFFF21
:10A1B000FFFFFFFFFFFF2D6B00000000000000000D
:10A1C0000000FFFFFFFFFFFFFFFFFFFFFFFFFBDEC2
:10A1D0002D6B2D6B2D6B2D6B2D6B2D6B2D6B2D6BBF
:10A1E0002D6BAA5200000000000000005CE7CF7B4E
:10A1F00000000000000000009AD6FFFFFFFFFFFFF5
:10A20000FFFFFFFFFFFFFFFFFFFFFFFF2D6B0000C2
:10A210000000000014A5FFFFFFFFFFFFFFFFFFFF8F
:10A22000FFFFFFFF14A50000000000000000000079
:10A2300000000000000000002D6BFFFFFFFFFFFF8C
:10A24000FFFFFFFFFFFFFFFF000000000000000016
:10A2500000000000000000000000000000000000FE
:10A2600000000000000000000000000000000000EE
:10A2700000000000000000000000000000000000DE
:10A2800000000000000000000000000000000000CE
:10A2900000000000000000000000000000000000BE
:10A2A00000000000000000000000000000000000AE
:10A2B000000000000000000000000000000000009E
:10A2C00000000000000000000000000075ADFFFF6E
:10A2D000FFFFFFFFFFFFFFFFFFFFFFFFFFFF9AD61C
:10A2E000000000005CE7FFFFFFFFFFFFFFFFFFFF35
:10A2F000FFFFFFFFFFFF9AD60000000000000000F4
:10A300000000FFFFFFFFFFFFFFFFFFFFFFFFBEF7A4
:10A310009AD69AD69AD6FBDEFFFFFFFFFFFFFFFF1C
:10A32000FFFF9AD600000000000000002D6B5CE7E4
:10A330002421000000003084FFFFFFFFFFFFFFFF2C
:10A34000FFFFFFFFFFFFFFFFFFFFD7BD0000000083
:10A350000000000014A5FFFFFFFFFFFFFFFFFFFF4E
:10A36000FFFFFFFF14A50000000000000000000038
:10A3700000000000000000002D6BFFFFFFFFFFFF4B
:10A38000FFFFFFFFFFFFFFFF0000000000000000D5
:10A3900000000000000000000000000000000000BD
:10A3A00000000000000000000000000000000000AD
:10A3B000000000000000000000000000000000009D
:10A3C000000000000000000000000000000000008D
:10A3D000000000000000000000000000000000007D
:10A3E000000000000000000000000000000000006D
:10A3F000000000000000000000000000000000005D
:10A40000000000000000000000000000BEF7FFFF99
:10A41000FFFFFFFFFFFFFFFFFFFFFFFFFFFFFFFF4C
:10A420002D6BB294FFFFFFFFFFFFFFFFFFFFFFFF5A
:10A43000FFFFFFFFFFFFBEF7AA5200000000000071
:10A4400000005CE7FFFFFFFFFFFFFFFFFFFF9AD663
:10A450000000000000002D6BFFFFFFFFFFFFFFFF6C
:10A46000FFFFD7BD0000000000000000000038C65C
:10A4700014A5000000005CE7FFFFFFFFFFFFFFFFE8
:10A48000FFFFFFFFFFFFFFFFBEF7084200000000D5
:10A4900000000000B294FFFFFFFFFFFFFFFFFFFF80
:10A4A000FFFFFFFF14A500000000000000000000F7
:10A4B00000000000000000002D6BFFFFFFFFFFFF0A
:10A4C000FFFFFFFFFFFFFFFF000000000000000094
:10A4D000000000000000000000000000000000007C
:10A4E000000000000000000000000000000000006C
:10A4F000000000000000000000000000000000005C
:10A50000000000000000000000000000000000004B
:10A51000000000000000000000000000000000003B
:10A52000000000000000000000000000000000002B
:10A53000000000000000000000000000000000001B
:10A54000000000000000000000003084FFFFFFFF5B
:10A55000FFFFFFFFFFFFFFFFFFFFFFFFD7BD14A5BA
:10A560005CE7BEF7FFFFFFFFFFFFFFFFFFFFFFFFFF
:10A57000FFFFFFFFD7BDD7BDD7BD00000000000023
:10A580000000D7BDFFFFFFFFFFFFFFFFFFFF9AD6D1
:10A590000000000000002D6BFFFFFFFFFFFFFFFF2B
:10A5A000FFFFB2940000000000000000000008421D
:10A5B0005CE708423084FFFFFFFFFFFFFFFFFFFF64
:10A5C000FFFFFFFFFFFFFFFF14A5000000000000DA
:10A5D00000000000AA52FFFFFFFFFFFFFFFFFFFF89
:10A5E000FFFFFFFF14A500000000000000000000B6
:10A5F00000000000000000002D6BFFFFFFFFFFFFC9
:10A60000FFFFFFFFFFFFFFFF000000000000000052
:10A61000000000000000000000000000000000003A
:10A62000000000000000000000000000000000002A
:10A63000000000000000000000000000000000001A
:10A64000000000000000000000000000000000000A
:10A6500000000000000000000000000000000000FA
:10A6600000000000000000000000000000000000EA
:10A6700000000000000000000000000000000000DA
:10A68000000000000000000000009AD6FFFFFFFF5E
:10A69000FFFFFFFFFFFFFFFFFFFFFFFFAA52242185
:10A6A000BEF7FFFFFFFFFFFFFFFFFFFFFFFFFFFF03
:10A6B000FFFFBEF724210842FFFF08420000000010
:10A6C00000002D6BFFFFFFFFFFFFFFFFFFFF9AD68C
:10A6D0000000000000002D6BFFFFFFFFFFFFFFFFEA
:10A6E000FFFF084200000000000000000000000022
:10A6F00014A538C65CE7FFFFFFFFFFFFFFFFFFFF6A
:10A70000FFFFFFFFFFFFBEF7242100000000000055
:10A710000000000000005CE7FFFFFFFFFFFFFFFFFE
:10A72000FFFFFFFF14A50000000000000000000074
:10A7300000000000000000002D6BFFFFFFFFFFFF87
:10A74000FFFFFFFFFFFFFFFF000000000000000011
:10A7500000000000000000000000000000000000F9
:10A7600000000000000000000000000000000000E9
:10A7700000000000000000000000000000000000D9
:10A7800000000000000000000000000000000000C9
:10A7900000000000000000000000000000000000B9
:10A7A00000000000000000000000000000000000A9
:10A7B0000000000000000000000000000000000099
:10A7C00000000000000000000842FFFFFFFFFFFF45
:10A7D000FFFFFFFFFFFFFFFFFFFF9AD60000000013
:10A7E0003084FFFFFFFFFFFFFFFFFFFFFFFFFFFFC3
:10A7F000FFFF14A50000000038C614A500000000EB
:10A80000000000009AD6FFFFFFFFFFFFFFFF9AD670
:10A810000000000000002D6BFFFFFFFFFFFFFFFFA8
:10A8200075AD000000000000000000000000000006
:10A8300024215CE7FFFFFFFFFFFFFFFFFFFFFFFF9C
:10A84000FFFFFFFFFFFF308400000000000000005A
:10A85000000000000000CF7BFFFFFFFFFFFFFFFFB6
:10A86000FFFFFFFF14A50000000000000000000033
:10A870002421D7BD000000002D6BFFFFFFFFFFFF6D
:10A88000FFFFFFFFFFFFFFFF0000000000000000D0
:10A8900000000000000000000000000000000000B8
:10A8A00000000000000000000000000000000000A8
:10A8B0000000000000000000000000000000000098
:10A8C0000000000000000000000000000000000088
:10A8D0000000000000000000000000000000000078
:10A8E0000000000000000000000000000000000068
:10A8F0000000000000000000000000000000000058
:10A90000000000000000000075ADFFFFFFFFFFFF2B
:10A91000FFFFFFFFFFFFFFFFFFFF3084000000008D
:10A9200000005CE7FFFFFFFFFFFFFFFFFFFFFFFFF0
:10A930005CE72421000000002D6BBEF724210000FD
:10A94000000000000842BEF7FFFFFFFFFFFF9AD69E
:10A950000000000000002D6BFFFFFFFFFFFFFBDE8C
:10A9600024210000000000000000000000000000A2
:10A970000000CF7BFFFFFFFFFFFFFFFFFFFFFFFF99
:10A98000FFFFFFFF5CE70000000000000000000088
:10A990000000000000000000D7BDFFFFFFFFFFFF29
:10A9A000FFFFFFFF14A500000000000000000000F2
:10A9B000D7BD9AD6000000002D6BFFFFFFFFFFFF01
:10A9C000FFFFFFFFFFFFFFFF00000000000000008F
:10A9D0000000000000000000000000000000000077
:10A9E0000000000000000000000000000000000067
:10A9F0000000000000000000000000000000000057
:10AA00000000000000000000000000000000000046
:10AA10000000000000000000000000000000000036
:10AA20000000000000000000000000000000000026
:10AA30000000000000000000000000000000000016
:10AA40000000000000002421BEF7FFFFFFFFFFFF12
:10AA5000FFFFFFFFFFFFFFFFBEF700000000000049
:10AA600000002D6BFFFFFFFFFFFFFFFFFFFFFFFF5A
:10AA7000308400000000000000005CE7308400002B
:10AA8000000000000000AA525CE7FFFFFFFF5CE748
:10AA9000000000000000CF7BFFFFFFFFFBDE242152
:10AAA00000000000000000000000000000000000A6
:10AAB000000000009AD6FFFFFFFFFFFFFFFFFFFF30
:10AAC000FFFFFFFF2D6B00000000000000000000F2
:10AAD0000000000000000000000075ADFFFFFFFF58
:10AAE000FFFFFFFF75AD0000000000002D6B9AD640
:10AAF000FBDE2421000000002D6BFFFFFFFFFFFFA6
:10AB0000FFFFFFFFFFFFFFFF00000000000000004D
:10AB10000000000000000000000000000000000035
:10AB20000000000000000000000000000000000025
:10AB30000000000000000000000000000000000015
:10AB40000000000000000000000000000000000005
:10AB500000000000000000000000000000000000F5
:10AB600000000000000000000000000000000000E5
:10AB700000000000000000000000000000000000D5
:10AB80000000000000003084FFFFFFFFFFFFFFFF19
:10AB9000FFFFFFFFFFFFFFFF14A500000000000004
:10ABA000000000009AD6FFFFFFFFFFFFFFFF5CE7FA
:10ABB00000000000000000000000B2945CE700000C
:10ABC0000000000000000000242114A5BEF7FFFFD4
:10ABD0009AD614A575ADBEF75CE714A50000000079
:10ABE0000000000000000000000000000000000065
:10ABF000000000000842FFFFFFFFFFFFFFFFFFFF15
:10AC0000FFFF9AD6000000000000000000000000D6
:10AC10000000000000000000000000002D6B9AD62C
:10AC2000FFFFFFFFBEF775AD14A5FBDE5CE714A5C3
:10AC300000000000CF7B9AD6FBDEFFFFFFFFFFFF87
:10AC4000FFFFFFFFFFFFFFFF9AD69AD69AD6AA52C0
:10AC500000000000000000000000000000000000F4
:10AC600000000000000000000000000000000000E4
:10AC700000000000000000000000000000000000D4
:10AC800000000000000000000000000000000000C4
:10AC900000000000000000000000000000000000B4
:10ACA00000000000000000000000000000000000A4
:10ACB0000000000000000000000000000000000094
:10ACC0000000000000005CE7FFFFFFFFFFFFFFFF49
:10ACD000FFFFFFFFFFFFFFFF084200000000000032
:10ACE000000000002D6BFFFFFFFFFFFFFFFF2D6B3C
:10ACF000000000000000000000002421BEF73084A6
:10AD000000000000000000000000000000002D6BAB
:10AD100014A514A514A52D6B000000000000000070
:10AD20000000000000000000000000000000000023
:10AD300000000000000014A5FFFFFFFFFFFFFFFF62
:10AD4000FFFFAA5200000000000000000000000009
:10AD500000000000000000000000000000000000F3
:10AD60000842308414A514A5B2942D6B0000000095
:10AD70000000000008422D6BB294FFFFFFFFFFFFB1
:10AD8000FFFFFFFFFFFFFBDE2D6B2D6B2D6B2421E3
:10AD900000000000000000000000000000000000B3
:10ADA00000000000000000000000000000000000A3
:10ADB0000000000000000000000000000000000093
:10ADC0000000000000000000000000000000000083
:10ADD0000000000000000000000000000000000073
:10ADE0000000000000000000000000000000000063
:10ADF0000000000000000000000000000000000053
:10AE0000000000002D6BFFFFFFFFFFFFFFFFFFFFB4
:10AE1000FFFFFFFFFFFF38C600000000000000003A
:10AE2000000000000000D7BDFFFFFFFF9AD6000022
:10AE3000000000000000000000000000D7BD9AD60E
:10AE40000000000000000000000000000000000002
:10AE500000000000000000000000000000000000F2
:10AE600000000000000000000000000000000000E2
:10AE70000000000000002421BEF7FFFFFFFFFFFFDE
:10AE8000D7BD00000000000000000000000000002E
:10AE900000000000000000000000000000000000B2
:10AEA00000000000000000000000000000000000A2
:10AEB00000000000000000002D6BFFFFFFFFFFFF00
:10AEC000FFFFFFFFFFFFFBDE0000000000000000AF
:10AED0000000000000000000000000000000000072
:10AEE0000000000000000000000000000000000062
:10AEF0000000000000000000000000000000000052
:10AF00000000000000000000000000000000000041
:10AF10000000000000000000000000000000000031
:10AF20000000000000000000000000000000000021
:10AF30000000000000000000000000000000000011
:10AF40000000000038C6FFFFFFFFFFFFFFFFFFFF0D
:10AF5000FFFFFFFFFFFF3084000000000000000043
:10AF60000000000000000842FFFFFFFF2D6B000003
:10AF7000000000000000000000000000AA52FFFFD7
:10AF80002D6B000000000000000000000000000029
:10AF900000000000000000000000000000000000B1
:10AFA00000000000000000000000000000000000A1
:10AFB00000000000000000003084FFFFFFFFBEF72C
:10AFC000242100000000000000000000000000003C
:10AFD0000000000000000000000000000000000071
:10AFE0000000000000000000000000000000000061
:10AFF00000000000000000000000AA52D7BDBEF70C
:10B00000FFFFFFFFFFFFFFFF000000000000000048
:10B010000000000000000000000000000000000030
:10B020000000000000000000000000000000000020
:10B030000000000000000000000000000000000010
:10B040000000000000000000000000000000000000
:10B0500000000000000000000000000000000000F0
:10B0600000000000000000000000000000000000E0
:10B0700000000000000000000000000000000000D0
:10B0800000000842FFFFFFFFFFFFFFFFFFFFFFFF82
:10B09000FFFFFFFFBEF700000000000000000000FF
:10B0A000000000000000000075AD9AD6000000000E
:10B0B0000000000000000000000000000000FBDEB7
:10B0C000D7BD0000000000000000000000000000EC
:10B0D0000000000000000000000000000000000070
:10B0E0000000000000000000000000000000000060
:10B0F000000000000000000000009AD6FFFF14A529
:10B10000000000000000000000000000000000003F
:10B11000000000000000000000000000000000002F
:10B12000000000000000000000000000000000001F
:10B1300000000000000000000000000000002421CA
:10B1400014A5BEF7FFFFFFFF000000000000000095
:10B1500000000000000000000000000000000000EF
:10B1600000000000000000000000000000000000DF
:10B1700000000000000000000000000000000000CF
:10B1800000000000000000000000000000000000BF
:10B1900000000000000000000000000000000000AF
:10B1A000000000000000000000000000000000009F
:10B1B000000000000000000000000000000000008F
:10B1C000000008422D6B2D6B2D6B2D6B2D6B2D6BA5
:10B1D0002D6B2D6BAA520000000000000000000043
:10B1E000000000000000000024212D6B0000000082
:10B1F0000000000000000000000000000000084205
:10B2000008420000000000000000000000000000F4
:10B21000000000000000000000000000000000002E
:10B22000000000000000000000000000000000001E
:10B23000000000000000000000002D6B5CE72421EE
:10B2400000000000000000000000000000000000FE
:10B2500000000000000000000000000000000000EE
:10B2600000000000000000000000000000000000DE
:10B2700000000000000000000000000000000000CE
:10B280000000242114A5BEF700000000000000000B
:10B2900000000000000000000000000000000000AE
:10B2A000000000000000000000000000000000009E
:10B2B000000000000000000000000000000000008E
:10B2C000000000000000000000000000000000007E
:10B2D000000000000000000000000000000000006E
:10B2E000000000000000000000000000000000005E
:10B2F000000000000000000000000000000000004E
:10B30000000000000000000000000000000000003D
:10B31000000000000000000000000000000000002D
:10B32000000000000000000000000000000000001D
:10B33000000000000000000000000000000000000D
:10B3400000000000000000000000000000000000FD
:10B3500000000000000000000000000000000000ED
:10B3600000000000000000000000000000000000DD
:10B370000000000000000000000000000842000083
:10B3800000000000000000000000000000000000BD
:10B3900000000000000000000000000000000000AD
:10B3A000000000000000000000000000000000009D
:10B3B000000000000000000000000000000000008D
:10B3C0000000000000000842000000000000000033
:10B3D000000000000000000000000000000000006D
:10B3E000000000000000000000000000000000005D
:10B3F000000000000000000000000000000000004D
:10B40000000000000000000000000000000000003C
:10B41000000000000000000000000000000000002C
:10B42000000000000000000000000000000000001C
:10B43000000000000000000000000000000000000C
:10B4400000000000000000000000000000000000FC
:10B4500000000000000000000000000000000000EC
:10B4600000000000000000000000000000000000DC
:10B4700000000000000000000000000000000000CC
:10B4800000000000000000000000000000000000BC
:10B4900000000000000000000000000000000000AC
:10B4A000000000000000000000000000000000009C
:10B4B000000000000000000000000000000000008C
:10B4C000000000000000000000000000000000007C
:10B4D000000000000000000000000000000000006C
:10B4E000000000000000000000000000000000005C
:10B4F000000000000000000000000000000000004C
:10B50000000000000000000000000000000000003B
:10B51000000000000000000000000000000000002B
:10B52000000000000000000000000000000000001B
:10B53000000000000000000000000000000000000B
:10B5400000000000000000000000000000000000FB
:10B5500000000000000000000000000000000000EB
:10B5600000000000000000000000000000000000DB
:10B5700000000000000000000000000000000000CB
:10B5800000000000000000000000000000000000BB
:10B5900000000000000000000000000000000000AB
:10B5A000000000000000000000000000000000009B
:10B5B000000000000000000000000000000000008B
:10B5C000000000000000000000000000000000007B
:10B5D000000000000000000000000000000000006B
:10B5E000000000000000000000000000000000005B
:10B5F000000000000000000000000000000000004B
:10B60000000000000000000000000000000000003A
:10B61000000000000000000000000000000000002A
:10B62000000000000000000000000000000000001A
:10B63000000000000000000000000000000000000A
:10B6400000000000000000000000000000000000FA
:10B6500000000000000000000000000000000000EA
:10B6600000000000000000000000000000000000DA
:10B6700000000000000000000000000000000000CA
:10B6800000000000000000000000000000000000BA
:10B6900000000000000000000000000000000000AA
:10B6A000000000000000000000000000000000009A
:10B6B000000000000000000000000000000000008A
:10B6C000000000000000000000000000000000007A
:10B6D000000000000000000000000000000000006A
:10B6E000000000000000000000000000000000005A
:10B6F000000000000000000000000000000000004A
:10B700000000000000000000000000000000000039
:10B710000000000000000000000000000000000029
:10B720000000000000000000000000000000000019
:10B730000000000000000000000000000000000009
:10B7400000000000000000000000000000000000F9
:10B7500000000000000000000000000000000000E9
:10B7600000000000000000000000000000000000D9
:10B7700000000000000000000000000000000000C9
:10B7800000000000000000000000000000000000B9
:10B7900000000000000000000000000000000000A9
:10B7A0000000000000000000000000000000000099
:10B7B0000000000000000000000000000000000089
:10B7C0000000000000000000000000000000000079
:10B7D0000000000000000000000000000000000069
:10B7E0000000000000000000000000000000000059
:10B7F0000000000000000000000000000000000049
:10B800000000000000000000000000000000000038
:10B810000000000000000000000000000000000028
:10B820000000000000000000000000000000000018
:10B830000000000000000000000000000000000008
:10B8400000000000000000000000000000000000F8
:10B8500000000000000000000000000000000000E8
:10B8600000000000000000000000000000000000D8
:10B8700000000000000000000000000000000000C8
:10B8800000000000000000000000000000000000B8
:10B8900000000000000000000000000000000000A8
:10B8A0000000000000000000000000000000000098
:10B8B0000000000000000000000000000000000088
:10B8C0000000000000000000000000000000000078
:10B8D0000000000000000000000000000000000068
:10B8E0000000000000000000000000000000000058
:10B8F0000000000000000000000000000000000048
:10B900000000000000000000000000000000000037
:10B910000000000000000000000000000000000027
:10B920000000000000000000000000000000000017
:10B930000000000000000000000000000000000007
:10B9400000000000000000000000000000000000F7
:10B9500000000000000000000000000000000000E7
:10B9600000000000000000000000000000000000D7
:10B9700000000000000000000000000000000000C7
:10B9800000000000000000000000000000000000B7
:10B9900000000000000000000000000000000000A7
:10B9A0000000000000000000000000000000000097
:10B9B0000000000000000000000000000000000087
:10B9C0000000000000000000000000000000000077
:10B9D0000000000000000000000000000000000067
:10B9E0000000000000000000000000000000000057
:10B9F0000000000000000000000000000000000047
:10BA00000000000000000000000000000000000036
:10BA10000000000000000000000000000000000026
:10BA20000000000000000000000000000000000016
:10BA30000000000000000000000000000000000006
:10BA400000000000000000000000000000000000F6
:10BA500000000000000000000000000000000000E6
:10BA600000000000000000000000000000000000D6
:10BA700000000000000000000000000000000000C6
:10BA800000000000000000000000000000000000B6
:10BA900000000000000000000000000000000000A6
:10BAA0000000000000000000000000000000000096
:10BAB0000000000000000000000000000000000086
:10BAC0000000000000000000000000000000000076
:10BAD0000000000000000000000000000000000066
:10BAE0000000000000000000000000000000000056
:10BAF0000000000000000000000000000000000046
:10BB00000000000000000000000000000000000035
:10BB10000000000000000000000000000000000025
:10BB20000000000000000000000000000000000015
:10BB30000000000000000000000000000000000005
:10BB400000000000000000000000000000000000F5
:10BB500000000000000000000000000000000000E5
:10BB600000000000000000000000000000000000D5
:10BB700000000000000000000000000000000000C5
:10BB800000000000000000000000000000000000B5
:10BB900000000000000000000000000000000000A5
:10BBA0000000000000000000000000000000000095
:10BBB0000000000000000000000000000000000085
:10BBC0000000000000000000000000000000000075
:10BBD0000000000000000000000000000000000065
:10BBE0000000000000000000000000000000000055
:10BBF0000000000000000000000000000000000045
:10BC00000000000000000000000000000000000034
:10BC10000000000000000000000000000000000024
:10BC20000000000000000000000000000000000014
:10BC30000000000000000000000000000000000004
:10BC400000000000000000000000000000000000F4
:10BC500000000000000000000000000000000000E4
:10BC600000000000000000000000000000000000D4
:10BC700000000000000000000000000000000000C4
:10BC800000000000000000000000000000000000B4
:10BC900000000000000000000000000000000000A4
:10BCA0000000000000000000000000000000000094
:10BCB0000000000000000000000000000000000084
:10BCC0000000000000000000000000000000000074
:10BCD0000000000000000000000000000000000064
:10BCE0000000000000000000000000000000000054
:10BCF0000000000000000000000000000000000044
:10BD00000000000000000000000000000000000033
:10BD10000000000000000000000000000000000023
:10BD20000000000000000000000000000000000013
:10BD30000000000000000000000000000000000003
:10BD400000000000000000000000000000000000F3
:10BD500000000000000000000000000000000000E3
:10BD600000000000000000000000000000000000D3
:10BD700000000000000000000000000000000000C3
:10BD800000000000000000000000000000000000B3
:10BD900000000000000000000000000000000000A3
:10BDA0000000000000000000000000000000000093
:10BDB0000000000000000000000000000000000083
:10BDC0000000000000000000000000000000000073
:10BDD0000000000000000000000000000000000063
:10BDE0000000000000000000000000000000000053
:10BDF0000000000000000000000000000000000043
:10BE00000000000000000000000000000000000032
:10BE10000000000000000000000000000000000022
:10BE20000000000000000000000000000000000012
:10BE30000000000000000000000000000000000002
:10BE400000000000000000000000000000000000F2
:10BE500000000000000000000000000000000000E2
:10BE600000000000000000000000000000000000D2
:10BE700000000000000000000000000000000000C2
:10BE800000000000000000000000000000000000B2
:10BE900000000000000000000000000000000000A2
:10BEA0000000000000000000000000000000000092
:10BEB0000000000000000000000000000000000082
:10BEC0000000000000000000000000000000000072
:10BED0000000000000000000000000000000000062
:10BEE0000000000000000000000000000000000052
:10BEF0000000000000000000000000000000000042
:10BF00000000000000000000000000000000000031
:10BF10000000000000000000000000000000000021
:10BF20000000000000000000000000000000000011
:10BF30000000000000000000000000000000000001
:10BF400000000000000000000000000000000000F1
:10BF500000000000000000000000000000000000E1
:10BF600000000000000000000000000000000000D1
:10BF700000000000000000000000000000000000C1
:10BF800000000000000000000000000000000000B1
:10BF900000000000000000000000000000000000A1
:10BFA0000000000000000000000000000000000091
:10BFB0000000000000000000000000000000000081
:10BFC0000000000000000000000000000000000071
:10BFD0000000000000000000000000000000000061
:10BFE0000000000000000000000000000000000051
:10BFF0000000000000000000000000000000000041
:10C000000000000000000000000000000000000030
:10C010000000000000000000000000000000000020
:10C020000000000000000000000000000000000010
:10C030000000000000000000000000000000000000
:10C0400000000000000000000000000000000000F0
:10C0500000000000000000000000000000000000E0
:10C0600000000000000000000000000000000000D0
:10C0700000000000000000000000000000000000C0
:10C0800000000000000000000000000000000000B0
:10C0900000000000000000000000000000000000A0
:10C0A0000000000000000000000000000000000090
:10C0B0000000000000000000000000F800F800F898
:10C0C00000F800F800F800F800F800F800F800F8B0
:10C0D00000F800F800F800F800F800F800F8000098
:10C0E000000000000000E007E007E007E007E007CD
:10C0F000E007E007E007E007E007E007E007E00708
:10C10000E007E007E007E007E007000000000000AC
:10C1100000001F001F001F001F001F001F001F0046
:10C120001F001F001F001F001F001F001F001F0017
:10C130001F001F001F0000000000000000000000A2
:10C1400000000000000000000000000000000000EF
:10C1500000000000000000000000000000000000DF
:10C1600000000000000000000000000000000000CF
:10C1700000000000000000000000000000000000BF
:10C1800000000000000000000000000000000000AF
:10C19000000000000000000000000000000000009F
:10C1A000000000000000000000000000000000008F
:10C1B000000000000000000000000000000000007F
:10C1C000000000000000000000000000000000006F
:10C1D000000000000000000000000000000000005F
:10C1E000000000000000000000000000000000004F
:10C1F0000000000000000000000000F800F800F857
:10C2000000F800F800F800F800F800F800F800F86E
:10C2100000F800F800F800F800F800F800F8000056
:10C22000000000000000E007E007E007E007E0078B
:10C23000E007E007E007E007E007E007E007E007C6
:10C24000E007E007E007E007E0070000000000006B
:10C2500000001F001F001F001F001F001F001F0005
:10C260001F001F001F001F001F001F001F001F00D6
:10C270001F001F001F000000000000000000000061
:10C2800000000000000000000000000000000000AE
:10C29000000000000000000000000000000000009E
:10C2A000000000000000000000000000000000008E
:10C2B000000000000000000000000000000000007E
:10C2C000000000000000000000000000000000006E
:10C2D000000000000000000000000000000000005E
:10C2E000000000000000000000000000000000004E
:10C2F000000000000000000000000000000000003E
:10C30000000000000000000000000000000000002D
:10C31000000000000000000000000000000000001D
:10C32000000000000000000000000000000000000D
:10C330000000000000000000000000F800F800F815
:10C3400000F800F800F800F800F800F800F800F82D
:10C3500000F800F800F800F800F800F800F8000015
:10C36000000000000000E007E007E007E007E0074A
:10C37000E007E007E007E007E007E007E007E00785
:10C38000E007E007E007E007E0070000000000002A
:10C3900000001F001F001F001F001F001F001F00C4
:10C3A0001F001F001F001F001F001F001F001F0095
:10C3B0001F001F001F000000000000000000000020
:10C3C000000000000000000000000000000000006D
:10C3D000000000000000000000000000000000005D
:10C3E000000000000000000000000000000000004D
:10C3F000000000000000000000000000000000003D
:10C40000000000000000000000000000000000002C
:10C41000000000000000000000000000000000001C
:10C42000000000000000000000000000000000000C
:10C4300000000000000000000000000000000000FC
:10C4400000000000000000000000000000000000EC
:10C4500000000000000000000000000000000000DC
:10C4600000000000000000000000000000000000CC
:10C470000000000000000000000000F800F800F8D4
:10C4800000F800F800F800F800F800F800F800F8EC
:10C4900000F800F800F800F800F800F800F80000D4
:10C4A000000000000000E007E007E007E007E00709
:10C4B000E007E007E007E007E007E007E007E00744
:10C4C000E007E007E007E007E007000000000000E9
:10C4D00000001F001F001F001F001F001F001F0083
:10C4E0001F001F001F001F001F001F001F001F0054
:10C4F0001F001F001F0000000000000000000000DF
:10C50000000000000000000000000000000000002B
:10C51000000000000000000000000000000000001B
:10C52000000000000000000000000000000000000B
:10C5300000000000000000000000000000000000FB
:10C5400000000000000000000000000000000000EB
:10C5500000000000000000000000000000000000DB
:10C5600000000000000000000000000000000000CB
:10C5700000000000000000000000000000000000BB
:10C5800000000000000000000000000000000000AB
:10C59000000000000000000000000000000000009B
:10C5A000000000000000000000000000000000008B
:10C5B0000000000000000000000000F800F800F893
:10C5C00000F800F800F800F800F800F800F800F8AB
:10C5D00000F800F800F800F800F800F800F8000093
:10C5E000000000000000E007E007E007E007E007C8
:10C5F000E007E007E007E007E007E007E007E00703
:10C60000E007E007E007E007E007000000000000A7
:10C6100000001F001F001F001F001F001F001F0041
:10C620001F001F001F001F001F001F001F001F0012
:10C630001F001F001F00000000000000000000009D
:10C6400000000000000000000000000000000000EA
:10C6500000000000000000000000000000000000DA
:10C6600000000000000000000000000000000000CA
:10C6700000000000000000000000000000000000BA
:10C6800000000000000000000000000000000000AA
:10C69000000000000000000000000000000000009A
:10C6A000000000000000000000000000000000008A
:10C6B000000000000000000000000000000000007A
:10C6C000000000000000000000000000000000006A
:10C6D000000000000000000000000000000000005A
:10C6E000000000000000000000000000000000004A
:10C6F0000000000000000000000000F800F800F852
:10C7000000F800F800F800F800F800F800F800F869
:10C7100000F800F800F800F800F800F800F8000051
:10C72000000000000000E007E007E007E007E00786
:10C73000E007E007E007E007E007E007E007E007C1
:10C74000E007E007E007E007E00700000000000066
:10C7500000001F001F001F001F001F001F001F0000
:10C760001F001F001F001F001F001F001F001F00D1
:10C770001F001F001F00000000000000000000005C
:10C7800000000000000000000000000000000000A9
:10C790000000000000000000000000000000000099
:10C7A0000000000000000000000000000000000089
:10C7B0000000000000000000000000000000000079
:10C7C0000000000000000000000000000000000069
:10C7D0000000000000000000000000000000000059
:10C7E0000000000000000000000000000000000049
:10C7F0000000000000000000000000000000000039
:10C800000000000000000000000000000000000028
:10C810000000000000000000000000000000000018
:10C820000000000000000000000000000000000008
:10C830000000000000000000000000F800F800F810
:10C8400000F800F800F800F800F800F800F800F828
:10C8500000F800F800F800F800F800F800F8000010
:10C86000000000000000E007E007E007E007E00745
:10C87000E007E007E007E007E007E007E007E00780
:10C88000E007E007E007E007E00700000000000025
:10C8900000001F001F001F001F001F001F001F00BF
:10C8A0001F001F001F001F001F001F001F001F0090
:10C8B0001F001F001F00000000000000000000001B
:10C8C0000000000000000000000000000000000068
:10C8D0000000000000000000000000000000000058
:10C8E0000000000000000000000000000000000048
:10C8F0000000000000000000000000000000000038
:10C900000000000000000000000000000000000027
:10C910000000000000000000000000000000000017
:10C920000000000000000000000000000000000007
:10C9300000000000000000000000000000000000F7
:10C9400000000000000000000000000000000000E7
:10C9500000000000000000000000000000000000D7
:10C9600000000000000000000000000000000000C7
:10C9700000000000000000000000000000000000B7
:10C98000000000000000000000000000003F400028
:10C9900000000000000000300040003000400000B7
:10C9A0000009000BC03D000BC03D00090018C02469
:10C9B000407FE0224031800000180024C01B000DA1
:10C9C000803240018003801C4027401C80074000CB
:10C9D00040100060000000000000000000000000A7
:10C9E0000000001F80204040200000402020401F09
:10C9F0008000000000090006001F800600090000FA
:10CA000000040004003F8004000400000000100047
:10CA100060000000000000000004000400040004A6
:10CA200000040000000000004000000000000000C2
:10CA300000002001C006003800400000001F8020D8
:10CA400040204020401F800000000010403FC000F8
:10CA5000400000000018C02140224024401840003F
:10CA60000010802040244024401B80000002000D64
:10CA70000011003FC0014000003C802440244024BD
:10CA800040238000001F8024402440344003800065
:10CA9000003000200027C03800200000001B802448
:10CAA00040244024401B8000001C0022C022402261
:10CAB000401F80000000000000084000000000004F
:10CAC00000000000000460000000000000000004FE
:10CAD000000A0011002080404009000900090009F7
:10CAE000000900000000004040208011000A0004FE
:10CAF000001800200023402400180000001F8020A0
:10CB000040274029401F400000004007C039000F67
:10CB10000001C0004020403FC0244024401B800052
:10CB2000001F802040204020403080000020403FF7
:10CB3000C0204020401F80000020403FC024402EE5
:10CB40004030C0000020403FC024402E0030000094
:10CB5000000F001080204022403380020020403F20
:10CB6000C0040004003FC02040204020403FC020BF
:10CB700040204000000060202020203FC0200020F6
:10CB80000020403FC024400B0030C0204020403FE8
:10CB9000C020400040004000C03FC03C0003C03CFB
:10CBA000003FC0000020403FC00C4023003FC02099
:10CBB000001F802040204020401F80000020403F78
:10CBC000C024402400180000001F80214021402084
:10CBD000E01FA0000020403FC02440260019C000F4
:10CBE0004018C02440244022403180000030002002
:10CBF000403FC020403000000020003F8000400047
:10CC0000403F80200020003E0001C0070038002087
:10CC100000380007C03C0007C03800000020403941
:10CC2000C0060039C0204000002000384007C0384E
:10CC30004020000000304021C02640384020C00085
:10CC400000000000007FE040204020000000007055
:10CC5000000C000380004000000000402040207FC6
:10CC6000E000000000000020004000200000000064
:10CC70000000100010001000100010001000000054
:10CC80000040000000000000000000028005400598
:10CC90004003C0004020003FC00440044003800027
:10CCA0000000000380044004400640000000000330
:10CCB00080044024403FC000400000038005400540
:10CCC0004003400000000004401FC02440244020D6
:10CCD00000000002E0055005500650042020403FAF
:10CCE000C00440040003C000400000044027C0000E
:10CCF000400000000000100010041027E0000000B9
:10CD00000020403FC00140070004C00440204020F4
:10CD1000403FC000400040000007C0040007C004BE
:10CD20000003C00000044007C00440040003C0002A
:10CD3000400000038004400440038000000410070A
:10CD4000F00450044003800000000003800440040D
:10CD50005007F00010044007C00240040004000027
:10CD600000000006400540054004C000000000042B
:10CD7000001F8004400040000004000780004004C1
:10CD80004007C000400400070004C0018006000402
:10CD900000060001C0070001C006000000044006B4
:10CDA000C0010006C0044000000410071004E001A8
:10CDB00080060004000000044005C0064004400056
:10CDC000000000000004007BE040200000000000A4
:10CDD000000000FFF000000000000040207BE004A5
:10CDE00000000000004000800040002000200040C3
:10CDF0000000000000000000000000000000000033
:10CE0000000000000000001FCC000C00000000002B
:10CE100000000008003000600008003000600000E2
:10CE200000022003FC1E20022003FC1E2002200022
:10CE30000000000E1811043FFF10840C7800000061
:10CE4000000F0010840F3800C007781884007800A5
:10CE50000000780F8410C411240E9800E4008400B0
:10CE600008080068007000000000000000000000DA
:10CE70000000000000000007E01818200440020035
:10CE800000000040022004181807E0000000000025
:10CE9000000240024001800FF00180024002400089
:10CEA000000080008000800FF8008000800080007B
:10CEB000000001000D000E00000000000000000056
:10CEC0000000000080008000800080008000800062
:10CED000800000000C000C000000000000000000BA
:10CEE0000000000006001800600180060018002005
:10CEF00000000007F0080810041004080807F000FC
:10CF0000000000080408041FFC00040004000000E6
:10CF10000000000E0C10141024104411840E0C009C
:10CF20000000000C1810041104110412880C700089
:10CF300000000000E00320042408241FFC0024005B
:10CF40000000001F98108411041104108810700054
:10CF500000000007F0088811041104188800700010
:10CF60000000001C00100010FC13001C001000004A
:10CF70000000000E3811441084108411440E380053
:10CF80000000000700088C10441044088807F000D7
:10CF900000000000000000030C030C000000000073
:10CFA0000000000000000101060000000000000079
:10CFB0000000000080014002200410080810040056
:10CFC0000002200220022002200220022002200073
:10CFD0000000001004080804100220014000800036
:10CFE0000000000E001200100C106C10800F0000EA
:10CFF0000003E00C1813E4142417C4082807D00019
:10D00000000004003C03C41C40074000E4001C0076
:10D010000410041FFC1104110411040E8800700098
:10D020000003E00C1810041004100410081C100079
:10D030000010041FFC100410041004080807F0007E
:10D040000010041FFC1104110417C4100408180078
:10D050000010041FFC1104110017C010000800008C
:10D060000003E00C181004100410441C7800400069
:10D070000010041FFC10840080008010841FFC102E
:10D08000040000100410041FFC1004100400000031
:10D090000000030001100110011FFE10001000002D
:10D0A0000010041FFC110403801464181C100400F9
:10D0B0000010041FFC1004000400040004000C0015
:10D0C0000010041FFC1F0000FC1F001FFC100400C8
:10D0D0000010041FFC0C04030000E010181FFC10DB
:10D0E0000007F00808100410041004080807F000F6
:10D0F0000010041FFC10841080108010800F0000AE
:10D100000007F0081810241024101C080A07F20069
:10D110000010041FFC1104110011C011300E0C008E
:10D120000400000E1C11041084108410441C3800EC
:10D13000001800100010041FFC100410001800005C
:10D140000010001FF810040004000410041FF81061
:10D150000010001E0011E0001C007013801C001065
:10D16000001FC0103C00E01F0000E0103C1FC0008A
:10D17000001004180C163401C001C01634180C102D
:10D180000410001C00130400FC13041C0010000019
:10D19000000804101C1064108413041C04101800F0
:10D1A000000000000000007FFE400240024002003C
:10D1B00000000030000C0003800060001C00030031
:10D1C0000000004002400240027FFE00000000001C
:10D1D000000000000020004000400040002000004F
:10D1E0000000010001000100010001000100010038
:10D1F000010000400040002000000000000000008E
:10D200000000000098012401440144014400FC0096
:10D210000410001FFC008801040104008800700055
:10D22000000000007000880104010401040088006F
:10D23000000000007000880104010411081FFC00B8
:10D2400004000000F8014401440144014400C80006
:10D25000000000010401040FFC1104110411001866
:10D2600000000000D601290129012901C901060099
:10D270000010041FFC008401000100010400FC00F8
:10D280000400000104190419FC000400040000005B
:10D29000000000000300010101190119FE00000057
:10D2A0000010041FFC0024004001B4010C01040024
:10D2B000000000100410041FFC0004000400000023
:10D2C00000010401FC0104010001FC010401000053
:10D2D000FC010401FC008401000100010400FC00C9
:10D2E00004000000F8010401040104010400F80036
:10D2F00000010101FF0085010401040088007000A5
:10D300000000000070008801040104010501FF0015
:10D31000010104010401FC008401040100018000FA
:10D3200000000000CC012401240124012401980004
:10D330000000000100010007F801040104000000E2
:10D3400000010001F8000400040004010801FC00D1
:10D3500004010001800170000C00100160018001D7
:10D360000001F0010C003001C00030010C01F0019F
:10D370000000000104018C00740170018C010400A4
:10D3800000010101810171000E001801600180019E
:10D390000000000184010C013401440184010C00EF
:10D3A00000000000000000000001003EFC400240C0
:10D3B000020000000000000000FFFF00000000006D
:10D3C000000000400240023EFC010000000000009E
:10D3D000000000600080008000400040002000202D
:10D3E0000000000040000000C000000080000000BD
:10D3F000000000002000000060000000E0000000CD
:10D40000A000000028D400080000002488000000CC
:10D4100098600008B0D4000888000024500A00007A
:10D42000A860000800000000043AA01010000000EE
:10D4300001000000100000000090D0030090D00315
:10D44000FFFF0000914F000841480008A154000868
:10D45000F14800084948000871550008F14E0008DD
:10D46000A1570008F94E00087955000899490008AD
:10D47000114C0008C94A0008814B0008A14D000862
:10D48000094F000851580008714F0008814F0008EB
:10D49000495C00080000000000000000695D000811
:10D4A000615C0008215D0008D95C0008415C00084F
:040000050800029954
:00000001FF
